,scalar_text_sequentiality,sentence_total_sequentialities,sentence_contextual_sequentialities,sentence_topic_sequentialities,topic,model_id
0,1.7500956931474945,"[-0.004774305555555556, 1.9163643973214286, 0.8765811011904762, 1.4645833333333333, 4.23883056640625, 1.3933919270833333, 2.365692832253196]","[-31.731353759765625, -21.73388671875, -48.9119873046875, -39.462890625, -13.45654296875, -31.767578125, -22.737716674804688]","[-31.645416259765625, -35.1484375, -67.3201904296875, -61.431640625, -47.3671875, -48.48828125, -74.782958984375]",A short story about a couple having dinner,SakanaAI/TinySwallow-1.5B-Instruct
1,1.7082150410730994,"[0.021974351671006944, 1.9202008928571428, 0.9465738932291666, 1.4958984375, 3.92449951171875, 1.4176432291666667, 2.230714971368963]","[-32.973388671875, -22.14453125, -46.849365234375, -39.2353515625, -13.52587890625, -32.71875, -24.430374145507812]","[-33.368927001953125, -35.5859375, -66.7274169921875, -61.673828125, -44.921875, -49.73046875, -73.506103515625]",A short dystopian story about a couple having dinner,SakanaAI/TinySwallow-1.5B-Instruct
2,1.7902918582649678,"[0.15425618489583334, 2.2080775669642856, 0.9503638857886905, 1.8497395833333334, 3.7728271484375, 1.4903971354166667, 2.106381503018466]","[-34.932952880859375, -23.74658203125, -43.1751708984375, -37.78515625, -13.8642578125, -31.697265625, -22.97503662109375]","[-37.709564208984375, -39.203125, -63.1328125, -65.53125, -44.046875, -49.58203125, -69.3154296875]",A short story about a robot couple having dinner,SakanaAI/TinySwallow-1.5B-Instruct
