,AssignmentId,scalar_text_sequentiality,sentence_total_sequentialities,sentence_contextual_sequentialities,sentence_topic_sequentialities,story,recAgnPairId,recImgPairId
0,3IXQG4FA2UKYYPMS1PF7EJW2HPOB9Q,1.167639544158099,"[-0.15696614583333332, 1.6375558035714286, 2.5189034598214284, 2.02728271484375, 1.8088717990451388, 0.466796875, 0.3123372395833333, 2.3053385416666665, 0.8244140625, 2.22430419921875, 1.4307725694444444, 0.87900390625, 0.63671875, 0.8129679361979166, 0.4299045138888889, 1.1162923177083333, 0.9135393415178571, 0.5808771306818182, 1.4315321180555556, 1.15234375]","[-49.0283203125, -16.5205078125, -12.61376953125, -21.8345947265625, -22.232421875, -34.25, -32.9951171875, -13.97265625, -19.1669921875, -11.771484375, -31.541015625, -26.8193359375, -23.03515625, -37.0126953125, -31.337890625, -10.579132080078125, -15.234130859375, -45.94921875, -26.3916015625, -21.84375]","[-46.673828125, -27.9833984375, -30.24609375, -42.107421875, -38.51226806640625, -39.384765625, -36.7431640625, -27.8046875, -23.2890625, -29.56591796875, -44.41796875, -35.609375, -27.4921875, -46.768310546875, -35.20703125, -20.625762939453125, -21.62890625, -52.3388671875, -39.275390625, -28.7578125]","4 weeks ago I found an article about making your own e-liquid. I been vaping for a while now. Vaping is very enjoyable to me. Vaping helps to calm me down during stressful time. It also relaxes me when im not stressed. Although I enjoy vaping, at times it can be expensive. I was amazed when I read the article about making your own. It seemed really simple to do. All the ingredients were cheap. Also all the ingredients were easy to obtain. I immediately saved the page and made the list. I proceeded to go to the store for the items. The ingredient list was simple and short. I was more shocked that the total cost was less than expected. I carefully followed the instructions and made a batch. I was surprised at how well it turned out. It ended up being better than expected. It was great to get the desired effects at a savings. I highly recommend this for anyone who vapes. It's a real cost savings.",,31JLPPHS2VGW2HMLOLJJTQTFOKCO3H
