,AssignmentId,scalar_text_sequentiality,sentence_total_sequentialities,sentence_contextual_sequentialities,sentence_topic_sequentialities,story,recAgnPairId,recImgPairId
0,3C8HJ7UOP8G9N782WCZF5N9PBRZMZR,0.8528588149617652,"[0.3095703125, 1.359375, 1.96875, 0.5963541666666666, 1.1975911458333333, 1.3928571428571428, -0.12141927083333333, -0.24888392857142858, 0.4375, 0.22395833333333334, 1.1819196428571428, 0.4161931818181818, 1.9251302083333333, 2.1787109375, 1.5079752604166667, 0.22705078125, 0.4427001953125, 0.52734375, 0.681640625]","[-11.18359375, -25.796875, -27.2265625, -25.7734375, -59.025390625, -39.125, -17.3203125, -33.15625, -27.3828125, -27.203125, -31.5859375, -58.3125, -16.92578125, -12.08203125, -12.812744140625, -37.7578125, -32.8155517578125, -13.953125, -42.328125]","[-12.421875, -33.953125, -41.0078125, -29.3515625, -80.58203125, -48.875, -16.591796875, -31.4140625, -29.5703125, -28.546875, -39.859375, -62.890625, -28.4765625, -20.796875, -21.860595703125, -39.57421875, -35.029052734375, -16.0625, -47.78125]",Starting a new job. And working hard and being dedicated . Seeing the rewards and fruit or labor. When I started I was placed. Below the other workers but in a surprising and rewarding change of events I moved up the ladder. Had claimed a higher more achieving role. in a long period of time.  But work and hard work and dedication. s is rewarding and achievable. So if the road is long. And the ending pout of sight. The time is dragging the goal seems distant and not visible . Hang on the dawn is breaking .The fog is lifting. The rooster is crowing. What was done now has come complete circle. And interest has matured . Collection is in order. A new place given a old one retired.,3ZSANO2JCGT6GLU7FX1UE4SDHRIFSP,
