,AssignmentId,scalar_text_sequentiality,sentence_total_sequentialities,sentence_contextual_sequentialities,sentence_topic_sequentialities,story,recAgnPairId,recImgPairId
0,3C5W7UE9CGCKIC8NVUBU82TE0RJMX9,1.4990970985267562,"[0.0, 1.3005568186442058, 1.4600582803998674, 2.53956298828125, 2.6614583333333335, 0.8012996472810444, 1.6266027178083147, 0.8970853365384616, 1.9499126434326173, 2.8352864583333335, 2.722149658203125, 1.0414051055908202, 1.1410446802775065, -0.055989583333333336, 1.5660233931107954]","[-79.69766235351562, -27.051605224609375, -17.22963237762451, -22.0262451171875, -11.421875, -42.913658142089844, -38.185096740722656, -42.025390625, -58.04179382324219, -13.1484375, -6.1262359619140625, -44.395912170410156, -28.775647163391113, -19.6953125, -20.12994384765625]","[-79.69766235351562, -42.658287048339844, -37.670448303222656, -47.421875, -27.390625, -58.13835144042969, -60.95753479003906, -53.6875, -97.04004669189453, -30.16015625, -19.736984252929688, -65.22401428222656, -45.89131736755371, -19.359375, -37.356201171875]","Well I felt like my wife's birthday was ruined by I redeemed it. I had a whole surprise party planned for her birthday. She didn't know anything about it and I was very excited. Unfortunately, one of her friends ruined everything. She told her the secret. I do not know if it was intentional or not but it ruined it either way. I was upset but thankfully I came up with another surprise. There is a YouTube video that she and her friends adore. I had a cake made for her birthday with a printed picture form that video on it. I surprised her with it. She was thrilled. I'm so happy I could give her something surprising for her birthday that made her happy. It felt especially good because it was her 30th birthday. That is an important one. I hope that I made it a memorable one.",,36U2A8VAG2LESTYUFEKGC38JDL4YKU
