,AssignmentId,scalar_text_sequentiality,sentence_total_sequentialities,sentence_contextual_sequentialities,sentence_topic_sequentialities,story,recAgnPairId,recImgPairId
0,37TD41K0AIVZD9AXOVBT6Y7AJ50SCI,1.8954191603058523,"[0.0, 1.8179408482142858, 1.8248697916666667, 2.4055989583333335, 2.1983816964285716, 2.4114583333333335, 1.2165178571428572, 1.988525390625, 2.3012466430664062, 2.571986607142857, 2.3602430555555554, 1.6217447916666667, 1.21484375, 1.4828125, 1.7634548611111112, 2.291015625, 2.5387739701704546, 1.1332465277777777, 2.9913194444444446, 2.8229166666666665, 0.8469050480769231]","[-42.4140625, -20.1337890625, -20.22265625, -17.35546875, -20.689453125, -33.28125, -26.796875, -21.628662109375, -35.58026123046875, -24.18359375, -22.75, -34.837890625, -55.3828125, -22.8671875, -30.99609375, -23.6875, -34.87890625, -50.27734375, -47.0078125, -33.875, -49.26171875]","[-42.4140625, -32.859375, -31.171875, -31.7890625, -36.078125, -47.75, -35.3125, -39.525390625, -53.990234375, -42.1875, -43.9921875, -54.298828125, -67.53125, -30.28125, -46.8671875, -42.015625, -62.805419921875, -60.4765625, -73.9296875, -50.8125, -60.271484375]",i was so happy with the party. she got me what i wanted.  it was a new house. we will move next week. there is lots to get done. i hate gitting old. 50 is so hard. but my grandkids are worth it. my kids where at the party . im so greatful they came.  i have not see them in a bit. also my best friend from school was there at my party. he was fat i didnt think get could walk. im almost blind now. glad i got to see them before that. hope to see many more yrs. id hate to not see my wifes face. the party was stch a great one. we had cake and face paniting. i got an ant painted. well its the end of the day in sleepy goodnight.,,38F5OAUN5OY4BJ1LMKRJMY8U8CCH7Y
