,AssignmentId,scalar_text_sequentiality,sentence_total_sequentialities,sentence_contextual_sequentialities,sentence_topic_sequentialities,story,recAgnPairId,recImgPairId
0,3UN61F00HXB2D915UWOG2IW52525R7,1.9888517297868864,"[0.0, 1.4363839285714286, 1.688720703125, 1.984619140625, 1.8424479166666667, 2.9566127232142856, 0.43674224615097046, 1.3317365646362305, 1.98624267578125, 3.1689453125, 3.1029575892857144, 2.716796875, 1.8709938742897727, 2.810791015625, 2.329176766531808, 2.1584603445870534]","[-50.1875, -23.7265625, -31.9345703125, -15.03125, -14.93359375, -17.1162109375, -45.835832595825195, -37.30134582519531, -30.86474609375, -7.1083984375, -15.904296875, -15.47265625, -28.1326904296875, -16.361328125, -18.040061950683594, -12.720367431640625]","[-50.1875, -33.78125, -52.19921875, -30.908203125, -31.515625, -37.8125, -51.95022404193878, -58.609130859375, -50.7271728515625, -22.953125, -37.625, -37.20703125, -48.713623046875, -38.84765625, -34.34429931640625, -27.82958984375]",I’m so happy my two favorite bands came to town. They came 5 months ago. I called John and we made plans to go see them. We decided to go to dinner first. We went to our favorite pizza restaurant. The food was awesome as usual. The venue of the concert was outdoors and BYOB. So we stopped and got some beers and other drinks and snacks. We partied for hours during both concerts. The weather was perfect. The music was great as expected. We even ran into some old friends. We hung out with them for part of the concert. After the concert we all went out. We hit a local diner. We had coffee and pastries.,,38F5OAUN5OY4BJ1LMKRJMY8UJPIH75
