,AssignmentId,scalar_text_sequentiality,sentence_total_sequentialities,sentence_contextual_sequentialities,sentence_topic_sequentialities,story,recAgnPairId,recImgPairId
0,3TVSS0C0E2M967THUMGKSXAZOJ1TWR,1.4600821144206302,"[0.0, 0.7539824937519274, 1.8292410714285714, 0.872451481066252, 1.1710875034332275, 2.1532185872395835, 1.16148042678833, 1.6091658367830164, 2.345359108664773, 2.8986328125, 2.8297526041666665, 1.3093610491071428, 1.9093151092529297, 1.1516927083333333, 1.3936941964285714, 0.8674092888832092, 1.1188093332143931, 0.9068244485294118]","[-36.57162857055664, -52.19831371307373, -23.9453125, -52.195996046066284, -26.920082092285156, -24.653564453125, -12.703222274780273, -32.486854553222656, -32.8572998046875, -17.8818359375, -21.8291015625, -26.63330078125, -12.451667785644531, -28.4296875, -42.1904296875, -44.862834215164185, -46.836185455322266, -35.740234375]","[-36.57162857055664, -66.52398109436035, -36.75, -68.77257418632507, -38.63095712661743, -50.4921875, -19.672104835510254, -59.842673778533936, -58.65625, -32.375, -47.296875, -35.798828125, -25.81687355041504, -42.25, -61.7021484375, -65.6806571483612, -61.380706787109375, -51.15625]","I met a friend online and we hit it off pretty well. We are both introverts and unique but we seem to fill each others' gaps. We met through our online work. He mentioned coming to visit my hometown with the intent of moving here someday. Our cost of living is much cheaper here. So I offered to help host him and show him around. I was really nervous. What if we didn't get along and I was stuck with him for days? What if it ruined our work-based friendship? Would he like me? Would he see me as trashy? But ultimately it went really well. My fears were unfounded. We got along great in person and had a good time. I drove him all over and we got to chat and hang out. I don't get to do a lot of things without my kids, so it was really refreshing. We visited some popular local spots and a nearby statue park. I was sad to see him go but we've continued our friendship since then.",39GHHAVOMGD3J2ES8MWXVZ4ZUPTJ4Y,
