,AssignmentId,scalar_text_sequentiality,sentence_total_sequentialities,sentence_contextual_sequentialities,sentence_topic_sequentialities,story,recAgnPairId,recImgPairId
0,3IXQG4FA2UKYYPMS1PF7EJW2HPOB9Q,1.6826804717747001,"[0.0, 1.4574924045138888, 2.0652584499782987, 2.257568359375, 2.151778828014027, 1.705548799954928, 0.5397905622209821, 2.5541294642857144, 2.6761207580566406, 2.2833609147505327, 1.5234375, 2.0609907670454546, 1.7093029022216797, 1.0951761518205916, 2.61220703125, 1.3989522933959961, 0.8663330078125, 1.7550800030048077, 1.11387939453125, 1.8272018432617188]","[-57.1015625, -21.702880859375, -20.348388671875, -27.01708984375, -24.113422393798828, -29.220443725585938, -40.3956298828125, -15.83984375, -15.182891845703125, -26.66916275024414, -30.6328125, -21.4189453125, -19.559314727783203, -33.366294860839844, -21.1201171875, -12.771829605102539, -19.0576171875, -40.5184326171875, -26.2166748046875, -18.753875732421875]","[-57.1015625, -34.8203125, -38.93571472167969, -54.10791015625, -47.782989501953125, -51.392578125, -47.95269775390625, -33.71875, -36.59185791015625, -51.7861328125, -45.8671875, -44.08984375, -36.65234375, -48.698760986328125, -47.2421875, -26.7613525390625, -25.98828125, -63.33447265625, -37.35546875, -35.198692321777344]","4 weeks ago I found an article about making your own e-liquid. I been vaping for a while now. Vaping is very enjoyable to me. Vaping helps to calm me down during stressful time. It also relaxes me when im not stressed. Although I enjoy vaping, at times it can be expensive. I was amazed when I read the article about making your own. It seemed really simple to do. All the ingredients were cheap. Also all the ingredients were easy to obtain. I immediately saved the page and made the list. I proceeded to go to the store for the items. The ingredient list was simple and short. I was more shocked that the total cost was less than expected. I carefully followed the instructions and made a batch. I was surprised at how well it turned out. It ended up being better than expected. It was great to get the desired effects at a savings. I highly recommend this for anyone who vapes. It's a real cost savings.",,31JLPPHS2VGW2HMLOLJJTQTFOKCO3H
