,AssignmentId,scalar_text_sequentiality,sentence_total_sequentialities,sentence_contextual_sequentialities,sentence_topic_sequentialities,story,recAgnPairId,recImgPairId
0,31N2WW6R9SC2W49SPI0T6WK1N8AF3G,1.0924455904766301,"[0.0, 0.5333568572998046, 1.3774765188043767, 2.1906198354867787, 1.01326904296875, 1.388963685316198, 2.2631392045454546, 0.8400843143463135, 1.757421875, 0.6756461007254464, 1.8930386437310114, 0.5158767700195312, 0.6836134387600806, 0.43012237548828125, 0.5941925048828125, 1.322308280251243]","[-29.1259765625, -42.42915153503418, -26.750235557556152, -17.353973388671875, -39.502532958984375, -48.559571981430054, -23.37109375, -39.39436054229736, -28.47265625, -63.052001953125, -14.148305892944336, -50.043853759765625, -80.59052276611328, -58.819725036621094, -14.9190673828125, -38.125091552734375]","[-29.1259765625, -50.42950439453125, -41.9024772644043, -45.83203125, -54.701568603515625, -72.17195463180542, -48.265625, -49.475372314453125, -46.046875, -81.9700927734375, -31.185653686523438, -56.234375, -101.78253936767578, -66.99205017089844, -19.672607421875, -52.67048263549805]","My car was towed.  It was a nasty thing that my landlady did to me.  I was quite upset and it was costly.  It was the first time I ever had a car towed.  Going to the impound yard was certainly a different kind of experience. I had to sue to get my money from the towing reimbursed.  That was quite an experience and cost me more money.  Fortunately, that was also received back by me.  I could have easily lived without the whole experience.  I am lucky that I was in a position of having sufficient resources, mental and monetary, to take care of the matter.  Other people were not so fortunate.  We are hoping to get the landlady dismissed. Actually, it would be more accurate to call her a 'property manager' although she has no license, experience, or talent in managing or property.  Anyway, it was a negative couple of weeks during this time and I was quite unhappy.  All's well that ends well.  That's what is commonly quoted in any event.",31N2WW6R9SC2W49SPI0T6WK1N8AF3G,31N2WW6R9SC2W49SPI0T6WK1N8AF3G
