,AssignmentId,scalar_text_sequentiality,sentence_total_sequentialities,sentence_contextual_sequentialities,sentence_topic_sequentialities,story,recAgnPairId,recImgPairId
0,3D3VGR7TA11ZZUE1GD0NNLYKAQC3RY,2.1017315812144055,"[0.0, 1.9249267578125, 1.9038478306361608, 1.3124725341796875, 1.965894063313802, 1.8046875, 3.26220703125, 1.9966227213541667, 3.2109375, 2.4309895833333335, 2.287274169921875, 2.300048828125, 2.4375, 1.2092633928571428, 2.390869140625, 1.9856178977272727, 2.494384765625, 2.232177734375, 2.6629464285714284, 3.0065104166666665, 1.452119615342882, 1.966796875]","[-80.77734375, -24.710205078125, -43.31646728515625, -24.324462890625, -21.84259033203125, -18.91796875, -13.97265625, -32.92724609375, -18.2265625, -27.1953125, -23.865234375, -24.47607421875, -31.548828125, -22.625, -19.443359375, -34.603515625, -15.755859375, -24.1484375, -21.859375, -18.4609375, -18.918121337890625, -45.720703125]","[-80.77734375, -40.109619140625, -69.9703369140625, -37.449188232421875, -45.433319091796875, -31.55078125, -40.0703125, -56.88671875, -34.28125, -41.78125, -46.73797607421875, -47.4765625, -55.923828125, -31.08984375, -38.5703125, -56.4453125, -35.7109375, -42.005859375, -40.5, -36.5, -31.987197875976562, -75.22265625]",the moment i was fully surprised on 3 months before it was happened. that moment is on my birthday. my friends are planed and celebrate my birthday grandly. it was unforgettable day in life. i did not celebrate my birthday like that before. i never forget in my life. i enjoyed a lot with my friends. they also invited my family and office friends to the party. they arranged the party. arranged some programs and games. the day was filled with full of enjoyment. one of my childhood friend arranged the party. all my friends together  arrange the party. they planned for 2 months. they save the money for the event. all together worked and gave a big surprise to me. i never expect this from my friends. they clearly planned and executed very well. they kept it very secretly. i fully enjoyed the day. it's all because of my friends. there is no enough words to explain my happiness i experience on that day.,,3D3VGR7TA11ZZUE1GD0NNLYKAQC3RY
