,AssignmentId,scalar_text_sequentiality,sentence_total_sequentialities,sentence_contextual_sequentialities,sentence_topic_sequentialities,story,recAgnPairId,recImgPairId
0,3DEL4X4EL77KCTX1EXZ52XGLK8RXYT,1.2235656807473292,"[0.0, 0.5085514613560268, 0.2121337890625, 1.699951171875, 1.31103515625, 0.701241447812035, 0.5887493265086207, 1.1267361111111112, 1.0005770596590908, 1.8892107009887695, 2.5255859375, 1.9921875, 1.9444444444444444, 1.4107666015625, 3.794921875, 0.6205357142857143, 0.4412286931818182, 0.752227783203125, 0.2851318359375, 1.6660970052083333]","[-34.4296875, -45.697174072265625, -34.455078125, -44.689208984375, -18.85491943359375, -64.75518798828125, -70.3740234375, -26.1875, -32.07177734375, -33.665672302246094, -28.369140625, -28.640625, -22.2265625, -18.796875, -15.12109375, -26.4296875, -29.576171875, -42.28570556640625, -33.72509765625, -45.095458984375]","[-34.4296875, -52.81689453125, -36.576416015625, -65.088623046875, -28.03216552734375, -79.48125839233398, -87.44775390625, -36.328125, -43.078125, -48.77935791015625, -53.625, -48.5625, -39.7265625, -30.0830078125, -37.890625, -30.7734375, -34.4296875, -52.81689453125, -36.576416015625, -65.088623046875]",I recalled an event that happened two months ago. I got married to my best friend and girlfriend to three years. I t was the best experience I ever had.  We both have the best wedding I ever dream on .This experience was very emotional.  All this time prior to the event I was very nervous of how the things will end up going. The good thing is that all the time I went through this moment I had the best support not just from my friends but mostly from my parents. The whole occasion took about 5 hours. All the people show up on time to the event. The wedding had a descent size. It was not that big and no to small.  I have about 100 people invited . I have friends that came from other states. I have my close family with me. We have a live band.  The party ended up very late. I recalled an event that happened two months ago. I got married to my best friend and girlfriend to three years. I t was the best experience I ever had.  We both have the best wedding I ever dream on .,,3DEL4X4EL77KCTX1EXZ52XGLK8RXYT
