,AssignmentId,scalar_text_sequentiality,sentence_total_sequentialities,sentence_contextual_sequentialities,sentence_topic_sequentialities,story,recAgnPairId,recImgPairId
0,3DUZQ9U6SNAVCIGXFC6YWQVZ305VSK,1.5990738989269364,"[0.0, 1.8783618807792664, 1.8912841796875, 2.264404296875, 1.9653862847222223, 1.7344031700721154, 1.6272354125976562, 1.2145394219292536, 1.2330362071161685, 1.6766366225022535, 1.4619950188530817, 1.6691375732421876, 2.3902613321940103, 1.9192708333333333, 1.06015625]","[-29.06793212890625, -12.208107948303223, -13.633056640625, -18.11328125, -27.0091552734375, -28.19287109375, -16.733734130859375, -37.375396728515625, -54.238128662109375, -25.123432159423828, -19.91295051574707, -38.55357360839844, -11.446632385253906, -8.24609375, -26.79296875]","[-29.06793212890625, -30.991726756095886, -32.5458984375, -36.228515625, -62.3861083984375, -50.7401123046875, -36.26055908203125, -59.23710632324219, -82.59796142578125, -46.919708251953125, -33.070905685424805, -63.59063720703125, -32.958984375, -19.76171875, -37.39453125]",I had a birthday coming up. I didn't want to spend it alone. No one wants to spend their birthday alone. I decided to call some friends up. See what they were up to and see if they wanted to spend the day with me. I called 5 different people and all of them were interested. They all showed up at my house around the same time. We got started having some fun by playing video games and drinking a few beers. It was fun to have these people back in my life with me and to be playing games like we used to. It reminded me of better days that had gone by. I was enjoying the day very much. We all then went out side and started drinking more and dancing. Everyone was laughing and having fun. It was a good day. I was happy they could spend time with me.,,3DUZQ9U6SNAVCIGXFC6YWQVZ3S3SVZ
