,AssignmentId,scalar_text_sequentiality,sentence_total_sequentialities,sentence_contextual_sequentialities,sentence_topic_sequentialities,story,recAgnPairId,recImgPairId
0,3DY4FPOOA2AJB3GK0N6T6GQ31A4VRM,2.023912143269922,"[0.0, 0.3993656635284424, 2.2772454155815973, 2.8813355185768823, 2.1443035419170675, 1.617043887867647, 1.957669734954834, 2.046875, 2.2742557525634766, 2.8670479910714284, 2.70546875, 3.4072265625, 2.8324652777777777, 2.2875, 3.04921875, 2.359912109375, 1.1850382486979167, 2.51875, 1.0983803488991477, 1.2785993303571428, 1.314453125]","[-49.69171142578125, -52.33266830444336, -29.413970947265625, -21.067825317382812, -34.790191650390625, -28.630615234375, -13.339324951171875, -37.9140625, -26.918914794921875, -20.5166015625, -35.4921875, -26.53125, -32.6640625, -17.0625, -9.72265625, -8.9287109375, -25.4417724609375, -11.97265625, -20.58673095703125, -22.9794921875, -22.21875]","[-49.69171142578125, -58.72251892089844, -49.9091796875, -52.762516021728516, -62.6661376953125, -56.120361328125, -29.000682830810547, -60.4296875, -58.75849533081055, -40.5859375, -62.546875, -53.7890625, -58.15625, -28.5, -24.96875, -20.728271484375, -36.10711669921875, -24.56640625, -32.668914794921875, -31.9296875, -30.10546875]",the most memorable day in my life is my friend's birthday celebration. Me and my friends were planned a birthday party to my childhood friend. we arranged a birthday party very grand. my friend even don't know about the party. we secretly planned and arrange it with in a week. on her birthday we invite all of her friends and families to the party. she don't know about that. we just make a call and came to the hall. she don't know why we are calling her to that place. after she entering into the hall. the hall is fully dark when she was enter. after she enter we on the lights. and  everyone in that hall wish her. she was fully surprised. she was very happy. she was shocked. after that we celebrate her birthday. she enjoyed a lot. it was unforgettable moment in my life. we arrange it for her. and it completed very well.,,3DY4FPOOA2AJB3GK0N6T6GQ31A4VRM
