,AssignmentId,scalar_text_sequentiality,sentence_total_sequentialities,sentence_contextual_sequentialities,sentence_topic_sequentialities,story,recAgnPairId,recImgPairId
0,3U4J9857OFXUK6YZMSHN0N5XBOLB74,1.678801048808004,"[0.0, -0.21520643967848557, 1.0848958333333334, 3.1181640625, 1.2348345588235294, 3.3896484375, 2.150111607142857, 2.097101847330729, 3.2760416666666665, 1.4995659722222223, 1.9481876918247767, 2.365513392857143, 3.3515625, 1.6015625, 0.7957526312934028, 1.6710069444444444, 0.7385189658717105, 1.0127940458409928, 1.6411373431865985, 1.54903564453125, 0.9271240234375, 1.5401785714285714, 1.4517578125, 2.181361607142857, 1.559375]","[-23.71484375, -61.02690124511719, -58.3828125, -18.26953125, -69.6796875, -15.3828125, -20.23046875, -25.4730224609375, -21.421875, -41.18359375, -22.848876953125, -23.767578125, -8.7109375, -33.34375, -38.480316162109375, -35.125, -71.8837890625, -58.6998291015625, -33.69231414794922, -33.0369873046875, -42.98583984375, -35.234375, -45.26953125, -30.94921875, -38.9140625]","[-23.71484375, -58.229217529296875, -74.65625, -43.21484375, -90.671875, -35.720703125, -35.28125, -44.34693908691406, -41.078125, -54.6796875, -36.48619079589844, -40.326171875, -18.765625, -46.15625, -45.64208984375, -50.1640625, -85.9156494140625, -75.91732788085938, -55.027099609375, -48.52734375, -50.40283203125, -46.015625, -59.787109375, -46.21875, -54.5078125]",It was a great experience. with my friends on night club for a birthday celebration .and we all planned to go with a team and with my girl friends. and when we entered into the club. we all surprised that everthing is new and interior is very cool to see it. When we reached the club. we met all the old friends. and it's happy to see all. and we enjoyed the things. of all brunch and we dance together. and we celebrate with sound. and we take nice drinks. and food. we all share each of their experience. and talked about the work nightmare .and we got many solutions by each person. all of them decided to meet for once in 6months and to enjoy and fun. and main thing in this party is alice in wonderland and everyone enjoyed it. The theme of the party is alice in wonderland music. it contains many memories of all my friends. the place ws very orgasmic. and it went through all people .but the party in people is enjoyed so much. the experience is very nice moments. but we mssed all at the end.,,3EQHHY4HQTEBOJSRELU43EIXDJA5GF
