,AssignmentId,scalar_text_sequentiality,sentence_total_sequentialities,sentence_contextual_sequentialities,sentence_topic_sequentialities,story,recAgnPairId,recImgPairId
0,3ERET4BTVNVZRSQM72S0DMFS337K9W,1.6446870977169266,"[0.0, 1.6517857142857142, 3.4981689453125, 1.558447265625, 1.5820638020833333, 0.8525685762104235, 1.5723467932807074, 1.0685488382975261, 1.5644117082868303, 1.7904176712036133, 1.5999922318892046, 1.697610294117647, 2.4359375, 2.259521484375, 2.5946821732954546, 0.4647970880780901, 2.362884521484375, 1.0501831510792607]","[-32.71096384525299, -23.203125, -17.68359375, -31.31298828125, -38.58935546875, -59.89043045043945, -38.68524169921875, -44.47571563720703, -21.767974853515625, -40.12705993652344, -36.68914794921875, -48.0625, -11.6640625, -23.71728515625, -28.17138671875, -48.892913818359375, -21.0809326171875, -46.955978870391846]","[-32.71096384525299, -34.765625, -45.6689453125, -46.8974609375, -62.3203125, -76.0892333984375, -66.98748397827148, -63.7095947265625, -43.66973876953125, -68.77374267578125, -54.2890625, -76.921875, -23.84375, -46.3125, -56.712890625, -58.65365266799927, -49.435546875, -71.11019134521484]","My brother's engagement party was last week. it was a really fun party! It was hosted by his fiance. They had it  outside in her backyard. Even though it 90 degrees, we all had so much fun!!! We had it catered with finger foods and a REALLY stocked bar. The bar had my favorite drinks, my favorite wines and tequilas. Everyone came, my brother's friends, my family friends and my boyfriend. It was also the first time that my boyfriend met my family. That was incredibly signifcant for me and they all loved him! THey took shots and it was so fun.  Itwas so special to see how my brother was so happy with his fiance. He was really excited. They are so cute together and really happy. They will have such a nice life togehter. At the end of the party, everyone got so drunk and we all jumped in the pool! It was a perfect way to end such a fun party. I can't wait for the wedding if this was any indication of how fun the party will be!!!",3ERET4BTVNVZRSQM72S0DMFS337K9W,3ERET4BTVNVZRSQM72S0DMFS337K9W
