,AssignmentId,scalar_text_sequentiality,sentence_total_sequentialities,sentence_contextual_sequentialities,sentence_topic_sequentialities,story,recAgnPairId,recImgPairId
0,3BEFOD78W7FTKAKDBJ9PBRWG6YGM4Z,1.751678173375063,"[0.0, 2.7218191964285716, 2.4893973214285716, 2.1637369791666665, 1.3093959263392858, 1.3159659249441964, 1.009765625, 0.9158460828993056, 1.0318080357142858, 1.843505859375, 1.1094154781765408, 1.0480889892578125, 2.54296875, 2.4697265625, 2.84326171875, 1.8850504557291667, 3.0787760416666665]","[-37.047584533691406, -15.197265625, -36.83984375, -17.267578125, -52.2763671875, -16.906585693359375, -65.9423828125, -48.492431640625, -26.65234375, -16.50390625, -35.01533889770508, -83.60765075683594, -16.4609375, -23.39453125, -19.9951171875, -37.427490234375, -14.07421875]","[-37.047584533691406, -34.25, -54.265625, -30.25, -70.60791015625, -26.11834716796875, -82.0986328125, -64.9776611328125, -33.875, -31.251953125, -54.98481750488281, -109.80987548828125, -31.71875, -43.15234375, -37.0546875, -60.048095703125, -32.546875]","I love that trip to Indonesia. The people there are so beautiful. I love that dark island woman. They are so friendly too. They really like white men because of their being exposed to western media. So it's really cool. The woman all want to jump my bones and it really boost my confidence. Unlike here in America where women are inundated with a different kind of media. But that trip was so fun. I went to the beach a lot. And at the beach it's so nice, it's sunny and warm. Just the relaxing vibe defintiely changed my life forever and I was so happy to be with that place. It was soo nice. I really loved the nightlife too. The clubs are popping. The woman are super cute there and super friendly too. I love going out there.",,3F0BG9B9MQ9QXERAWKV78Y3X62E7Y8
