,AssignmentId,scalar_text_sequentiality,sentence_total_sequentialities,sentence_contextual_sequentialities,sentence_topic_sequentialities,story,recAgnPairId,recImgPairId
0,3HFNH7HEMI00H5BPYDI71PDO8EMGQP,1.4376273897034155,"[0.0, 1.786224365234375, 1.1253390312194824, 0.9364763342815897, 2.0616039276123046, 1.2081298828125, 1.373931884765625, 0.8127716064453125, 1.8415798611111112, 1.8043416341145833, 2.00628662109375, 2.276088169642857, 1.9278176047585227, 1.0707793737712659, 1.3490248719851177, 1.42164306640625]","[-78.03045654296875, -24.6229248046875, -35.21874785423279, -73.08799743652344, -21.375171661376953, -42.18310546875, -26.31146240234375, -57.11663818359375, -17.34771728515625, -20.6441650390625, -17.89892578125, -16.4736328125, -27.82354736328125, -39.10027313232422, -23.725898265838623, -16.0616455078125]","[-78.03045654296875, -46.0576171875, -56.600189447402954, -94.626953125, -41.9912109375, -63.929443359375, -40.05078125, -73.3720703125, -33.92193603515625, -42.2962646484375, -33.94921875, -32.40625, -49.029541015625, -59.44508123397827, -39.914196729660034, -30.278076171875]","A few weeks ago I participated in a rafting trip/ float trip down a river in town. It was a great bonding experience with my social group. During the trip we conversed about career aspirations and got to know each other better. I had purchased a raft with some extra income from the month before, and brought my wife along with me. We captained the raft down the river. During the trip we got to know the boyfriend of one of our close family friends. He wound up being a very positive person. Later on in the day we wound up landing at the apartment complex and grilling out. We played volleyball into the evening. By the end of it we were all sunburned. We made many new friends that day. We went home and passed out. The next morning I was burned and hungover. I don't regret my actions, but realized I needed to stop drinking so much. I began to limit and monitor my alcohol intake. I've since lost a lot of weight.",,3HFNH7HEMI00H5BPYDI71PDO8EMGQP
