,AssignmentId,scalar_text_sequentiality,sentence_total_sequentialities,sentence_contextual_sequentialities,sentence_topic_sequentialities,story,recAgnPairId,recImgPairId
0,3HSYG7LRBKKJ8O9DBZJP3VT8K6KKKF,1.5236338095057573,"[0.0, 0.861657460530599, 1.365274429321289, 1.9541008813040597, 1.1130567278180803, 1.976531946659088, 1.5775815790349788, 1.6797762784090908, 1.1041726505055147, 2.833342812278054, 1.7269765680486506, 1.2627391947640314, 2.02988748550415, 1.4607051213582356, 1.2561414082845053, 2.1761964082717897]","[-37.85572099685669, -36.4525146484375, -25.707740783691406, -14.512398719787598, -50.537506103515625, -20.348244071006775, -25.24051284790039, -26.5849609375, -51.4854736328125, -23.744163513183594, -18.609283447265625, -37.88642120361328, -25.132858276367188, -22.730037689208984, -29.319007873535156, -15.531431913375854]","[-37.85572099685669, -51.96234893798828, -42.091033935546875, -28.191104888916016, -66.12030029296875, -40.113563537597656, -42.593910217285156, -45.0625, -70.25640869140625, -54.91093444824219, -37.60602569580078, -60.615726709365845, -45.43173313140869, -40.25849914550781, -48.161128997802734, -37.29339599609375]","I attended a cousin's wedding that was quite memorable. We spent the entire evening listening to music, eating delicious food and celebrating. We took a lot of pictures commemorating the event. It was truly spectacular! I have never seen my cousin happier since she she her husband. Their joy and happiness was truly infectious. Everyone was super excited to attend this wedding. We all made sure that this event would be perfect. My favorite memory of the evening, is when the bride through her bouquet. My Aunt ended up catching the bouquet. There was laughter and tears of joy all around.  My cousin made sure that her wedding would be the best event of the decade. There were beautiful and elaborate flower arrangements everywhere. The designers did a phenomenal job with the decor. The food was superior and aesthetically pleasing to the eye. It was truly an exquisite wedding.",3IJXV6UZ1Y5EPXWK1G7ARR09AIARIO,
