,AssignmentId,scalar_text_sequentiality,sentence_total_sequentialities,sentence_contextual_sequentialities,sentence_topic_sequentialities,story,recAgnPairId,recImgPairId
0,32EYX73OY1VJYORKVXWOAUOKCW0URC,1.809765959680511,"[0.0, 1.1593191964285714, 1.9453125, 1.0357142857142858, 1.1084526909722223, 1.7399553571428572, 1.6442532009548612, 2.517361111111111, 0.7034912109375, 2.08203125, 2.2453125, 2.8313802083333335, 1.51934814453125, 2.898046875, 2.320713588169643, 0.9123263888888888, 2.5221354166666665, 2.463623046875, 1.806884765625, 0.6160714285714286, 1.8595241970486112, 3.88359375]","[-66.38623046875, -66.77734375, -14.43359375, -30.3359375, -61.0029296875, -17.5078125, -53.4915771484375, -29.34375, -21.10467529296875, -29.68359375, -51.03125, -10.58984375, -37.20849609375, -37.98828125, -40.878662109375, -33.640625, -13.046875, -27.6640625, -18.521484375, -31.890625, -25.10308837890625, -15.41015625]","[-66.38623046875, -83.0078125, -26.10546875, -37.5859375, -80.955078125, -29.6875, -83.088134765625, -52.0, -28.13958740234375, -44.2578125, -73.484375, -27.578125, -49.36328125, -66.96875, -73.36865234375, -41.8515625, -28.1796875, -47.373046875, -32.9765625, -36.203125, -41.83880615234375, -34.828125]","last week a surprise birthday trip was planned for a seven year old child. to visit wild waves,amusement and water park in Washington state. It was a surprise party. so everyone ready to do it. and the trip is planed to go morning and spend one full day in that place. so everyone is ready to go. Morning we are packed our bags luggage's and other needs.  then we  finally we started our journey. it was a memorable experience in my life. we are reached their on time. First we are plan to visit The wild waves. it was a beautiful experience. very attractive scenes and so on .then we are visit amusement&water park. and it was a nice experience very beautiful scenes and memorable experience. in his life it was a big surprise. so he was very happy. we are also happy to saw that. It was very important in his life. finally we started our journey back. the journey is very beautiful and memorable. finally we reached back.",,3IOEN3P9S85A38221LJ6OXSR50516E
