,AssignmentId,scalar_text_sequentiality,sentence_total_sequentialities,sentence_contextual_sequentialities,sentence_topic_sequentialities,story,recAgnPairId,recImgPairId
0,39LOEL67OTRTHPZ5H4UNW43F8TR383,1.7408185040680997,"[0.0, 1.1092989921569825, 1.1800056457519532, 0.710748755413553, 1.6341145833333333, 2.808688970712515, 0.6506696428571429, 1.7351345486111112, 3.2232767740885415, 2.5891927083333335, 1.5638950892857142, 1.1637191772460938, 2.0543619791666665, 2.828404017857143, 3.7728794642857144, 1.882791519165039, 0.6867327008928571]","[-35.82363510131836, -14.167084693908691, -18.80345916748047, -103.95160675048828, -14.640625, -21.400617599487305, -29.828125, -20.9150390625, -10.26971435546875, -14.97265625, -20.978515625, -28.09454345703125, -16.720703125, -15.474609375, -24.87109375, -32.961252212524414, -41.4189453125]","[-35.82363510131836, -25.260074615478516, -30.603515625, -120.298828125, -24.4453125, -57.91357421875, -34.3828125, -36.53125, -29.609375, -30.5078125, -31.92578125, -37.404296875, -29.046875, -35.2734375, -51.28125, -61.203125, -51.033203125]","Two weeks ago, I met a friend online for the first time. We decided to go on a vacation together. We did a lot of exciting things together. We went ren fest, rock hounding, dave and busters, and had some bonfires. This was a great time. I had the best time at dave and busters. We got lunch at first. I got a big burger to eat. She got a salad. I had some beers. She was the driver that night. We then played some arcade games. I played the basketball game. I almost got the high score. I then played some ski ball. I had a blast getting some 100 point rounds. It was a great day that day and hope to have many more.",,3IUZPWIU1PTA3O3U0D2SR6N31EMWKC
