,AssignmentId,scalar_text_sequentiality,sentence_total_sequentialities,sentence_contextual_sequentialities,sentence_topic_sequentialities,story,recAgnPairId,recImgPairId
0,32KTQ2V7RE1UHGQPSE5GSZ7WSQOM9P,1.8464744278093654,"[0.0, 1.3218669518828392, 1.9550506367402918, 1.28583984375, 1.9925347963968914, 2.2960196601019964, 2.2706705729166665, 3.0765269886363638, 1.86298828125, 1.8608786843039773, 1.875060341574929, 1.7407109187199519, 2.078333536783854, 1.9328224817911783, 2.09986572265625, 0.9609479385873546, 2.7799479166666665]","[-45.9716796875, -28.075121998786926, -47.80329751968384, -22.0888671875, -26.066675186157227, -17.445533752441406, -24.666015625, -30.880859375, -21.0908203125, -26.84185791015625, -28.95355224609375, -30.73863983154297, -12.001068115234375, -44.636324882507324, -26.0892333984375, -33.08136177062988, -23.8671875]","[-45.9716796875, -49.22499322891235, -81.0391583442688, -34.947265625, -49.97709274291992, -38.109710693359375, -45.10205078125, -64.72265625, -39.720703125, -47.3115234375, -49.57921600341797, -53.367881774902344, -24.4710693359375, -73.628662109375, -47.087890625, -55.18316435813904, -40.546875]",A month ago I decided to paint some rooms in my house. I have high ceilings so I have to use a tall ladder. Reaching to get some parts of the room can be tricky on a ladder. My wife was in the kitchen baking cookies. I have painted before so I was not too nervous. I had the paint in the garage. I had to get the paint prepped. I open the paint and one can tipped over. The paint spilled all  over the floor. That mishap took awhile to clean up. I got the paint and ladder to the room. Once I got on the ladder it seemed so far up. I was getting nervous. I  calmed down and got comfortable with painting on the ladder. After an hour I leaned over too far. I flipped off the ladder and my wife called an ambulance to take me to the hospital. I have now basically recovered.,,32AT8R96GMVVZ3RXAMWT04TGXSFSUH
