,AssignmentId,scalar_text_sequentiality,sentence_total_sequentialities,sentence_contextual_sequentialities,sentence_topic_sequentialities,story,recAgnPairId,recImgPairId
0,3JV9LGBJWU0XWTY9J0Q3CKIOTC2OGL,1.2893129254514102,"[0.0, 1.425094935629103, 1.4054509943181819, 0.5784404754638672, 1.8240094866071428, 1.922015598842076, 2.0833168029785156, 2.2154541015625, 1.97998046875, 0.3544921875, 0.36483999399038464, 1.9227098737444197, -0.3230472405751546, 1.654613995552063, 0.9756847421328226, 0.83514404296875, 2.462646484375, 1.5267857142857142]","[-50.80595779418945, -15.33995521068573, -26.349853515625, -49.45532989501953, -35.4942626953125, -43.20372009277344, -16.647979736328125, -20.2451171875, -10.080078125, -78.279296875, -37.6865234375, -26.308624267578125, -34.821739196777344, -13.460232734680176, -20.065711975097656, -66.48394012451172, -15.05224609375, -19.0625]","[-50.80595779418945, -28.165809631347656, -41.809814453125, -61.024139404296875, -61.0303955078125, -70.1119384765625, -33.31451416015625, -37.96875, -18.0, -84.3056640625, -42.429443359375, -53.2265625, -30.94517230987549, -30.006372690200806, -31.77392888069153, -84.85710906982422, -29.828125, -29.75]","I have been in and out of court with my child's father for four years.  It's been an emotional battle. Around four months ago, we went to court. I was sitting on the bench and I was hit with a huge surge of clarity. I realized that he will never help me take care of our child .I was extremely devastated after court because it sunk in. I cried for at least two hours. After I cried, I felt free...in a sense. When our child grows up  she'll know who really tool care of her. He's hurting himself and the relationship with his child. He will have to answer to her when she's old enough. In that moment, I felt light as a feather. I hadn't felt that way in years. I'm a strong believer in karma. I believe that the hurt my child's father tried to cause me,it will come back to him. That has given me peace. I have moved forward since then.",,3JV9LGBJWU0XWTY9J0Q3CKIOTC2OGL
