,AssignmentId,scalar_text_sequentiality,sentence_total_sequentialities,sentence_contextual_sequentialities,sentence_topic_sequentialities,story,recAgnPairId,recImgPairId
0,3MD9PLUKKJ0F5PT28DEFI2YQ262NZN,1.2154721900287575,"[0.0, 1.7694953680038452, 0.750115305185318, 1.3104922645970394, 0.6086024987070184, 0.9891788258272058, 1.4473953247070312, 2.023294622247869, 1.7306111653645833, 1.2613623142242432, 1.3197041829427083, 0.6930768048321759, 2.3306182861328124, 0.5934870793269231, 1.4046488083325899]","[-45.2445068359375, -29.528505325317383, -17.61040949821472, -36.099456787109375, -31.987494230270386, -43.571044921875, -29.451904296875, -21.607528686523438, -16.63848876953125, -52.78542947769165, -30.812347412109375, -43.636016845703125, -10.456283569335938, -42.57763671875, -31.759612560272217]","[-45.2445068359375, -57.840431213378906, -23.611331939697266, -60.998809814453125, -43.550941705703735, -60.3870849609375, -52.6102294921875, -43.86376953125, -32.2139892578125, -80.535400390625, -50.60791015625, -62.349090576171875, -22.109375, -50.29296875, -50.020047068595886]","It was a rainy day, so instead of walking home from work like usual, I decided to take the bus. I sat down near the back of the bus and put in earbuds. I usually listen to podcasts. I was in my own little world when some commotion happened at the front of the bus. I was keeping an eye on it, but couldn't really tell what was going on. All of the sudden the bus spins around, doing a wild U-turn. I got up and yelled, trying to find out what was going on. Turns out one of the passengers went into labor! The bus was speeding towards the hospital. Someone who I assumed was the father of the baby had the women lay down in the aisle. Luckily the hospital was close, because we made it in time. I never heard of what happened to the lady, but I'm glad we were able to get her to the hospital in time. It was scary! The driver apologized to us for the delay getting us home. I didn't mind though, and got home shortly after.",,3K4J6M3CXFF8UP489HLLBPYJ5X9GAU
