,AssignmentId,scalar_text_sequentiality,sentence_total_sequentialities,sentence_contextual_sequentialities,sentence_topic_sequentialities,story,recAgnPairId,recImgPairId
0,3RYC5T2D74F66JJOEBXU0O1LVO2RPG,1.3554568551884458,"[0.0, 1.2813585069444444, 1.5324351446969169, 1.4948702725497158, 1.6411825326772838, 1.0160686492919921, 1.635833740234375, 1.2073867797851563, 1.3563501834869385, 1.9030863444010417, 0.7378152211507162, 1.8617581454190342, 1.8406032986111112, 1.319994367659092, 1.0989759233262804, 1.759590572781033]","[-36.0556640625, -22.4482421875, -32.469573974609375, -42.697052001953125, -26.204483032226562, -38.94816589355469, -24.66473388671875, -20.358509063720703, -22.923901557922363, -22.0111083984375, -50.862205505371094, -24.677398681640625, -15.5458984375, -27.191639065742493, -65.67736434936523, -37.230690002441406]","[-36.0556640625, -33.98046875, -53.92366600036621, -59.140625, -47.53985595703125, -59.26953887939453, -47.56640625, -38.46931076049805, -39.200103759765625, -44.84814453125, -64.14287948608398, -45.15673828125, -32.111328125, -48.311548948287964, -95.3497142791748, -68.9033203125]","We were out deep in the woods. It was the best time I can remember. The girls, my granddaughters were having a wonderful time. The made faces at each other while I cooked. We had a great dinner and then we told ghost stories. The girls got a little scared, but they comforted each other and made each other laugh. While they were making each other laugh, they made me laugh too. We all got a good night's sleep and woke up early. We went for a hike and even caught some fish. The girls were tired but were still having a great time. We all went together to a waterfall, walking underneath it as a group. We got soaking wet but it was so great. We just laughed and had a great time. We walked back to camp that night and toasted marshmallows. The girls didn't know it, it was a surprise, but I had brought along chocolate bars to make smores. We stayed up late eating smores and talking and then in the morning drove home.",,3KOPY89HM9OI16VO88RELUCTG7C3JC
