,AssignmentId,scalar_text_sequentiality,sentence_total_sequentialities,sentence_contextual_sequentialities,sentence_topic_sequentialities,story,recAgnPairId,recImgPairId
0,3RSDURM96B8B6T6KJS9DE8VFIJEYEX,1.5422701373195375,"[0.0, 0.900146484375, 1.311887953016493, 1.8349418640136719, 1.4138814290364583, 2.2098214285714284, 2.5963541666666665, 2.38372802734375, 1.39468994140625, 1.8537843492296007, 1.6478034125434027, 1.296648465670072, 2.1277335030691966, 0.6996212005615234, 1.4630098342895508]","[-52.1953125, -21.134765625, -46.287750244140625, -28.968753814697266, -41.192535400390625, -46.015625, -13.236328125, -16.10400390625, -45.544677734375, -17.940818786621094, -25.48394775390625, -24.870315551757812, -12.527740478515625, -23.763355255126953, -24.6636962890625]","[-52.1953125, -28.3359375, -69.9017333984375, -52.822998046875, -62.4007568359375, -76.953125, -36.603515625, -35.173828125, -73.4384765625, -34.6248779296875, -55.1444091796875, -41.72674560546875, -27.421875, -30.759567260742188, -42.21981430053711]","The other day, I was watching a live feed of my favorite consultant. This was around 2 weeks ago. This consultant was showing off some fancy new jewelry that was stunning. I think this jewelry even costs thousands of dollars. The consultant revealed halfway through that there would be a giveaway. Whoever shared the live feed on their page would be entered in. The winner would be announced the following day. Of course, I shared the video. I went to bed that night excited for some reason, thinking I may have a chance to win. Low and behold, I was right. When I woke up the next morning I received an email saying i was the winner! I do not think I have ever been so thrilled before. It was an amazing moment. I thanked the consultant profusely. I am so thankful that I won this giveaway.",,3L2IS5HSFB4YJQZS2QF71AJADCUNUS
