,AssignmentId,scalar_text_sequentiality,sentence_total_sequentialities,sentence_contextual_sequentialities,sentence_topic_sequentialities,story,recAgnPairId,recImgPairId
0,3U088ZLJVLF8QYWQWKSA8M8UPB4W0M,1.7126366234129033,"[0.0, 1.7208571910858155, 1.815936674674352, 1.7878563620827415, 2.1079644097222223, 1.7928059895833333, 2.0712890625, 1.4008272611177885, 2.3094618055555554, 2.770786830357143, 1.6810985911976208, 2.72578125, 1.607421875, 0.8578287760416666, 2.02734375, 2.67529296875, 1.5407366071428572, 0.9615885416666666, 1.3316761363636365, 1.0661783854166667]","[-42.1566162109375, -18.779769897460938, -17.73053526878357, -19.516298294067383, -17.4658203125, -9.5283203125, -22.125, -27.03533935546875, -26.37890625, -25.1826171875, -22.593791961669922, -12.98828125, -31.14453125, -28.1044921875, -25.2109375, -21.14453125, -40.40234375, -42.515625, -26.44921875, -32.96484375]","[-42.1566162109375, -35.98834180831909, -39.52177536487579, -39.18271827697754, -36.4375, -20.28515625, -42.837890625, -45.24609375, -47.1640625, -44.578125, -41.08587646484375, -26.6171875, -47.21875, -38.3984375, -45.484375, -42.546875, -61.97265625, -56.939453125, -41.09765625, -48.95751953125]",I went to Grandmas birthday party last month. My uncles and aunts were there. All my nieces and nephews were also there. Grandma was happy and in a good mood.  She was glad to see everyone gathered together. We had a great time. We told stories about past events in our lives. we talked about trips we had taken when we were young. We had great food that we all brought. Grandma made some food also. We had a huge birthday cake for her. We loved being together. we dont get to be together that often anymore. We all plan to get together for the holiday season. Hopefully we can all have a party again. We plan to do so for Christmas. And we want to get together for a big cookout Memorial day. Everyone was making suggestions on how to get the family together more often. It makes me think how little time we spend together. I hope we can change that because life is short and should be enjoyed.,,3L70J4KAZH85I5UH7RKD54VMR3GADW
