,AssignmentId,scalar_text_sequentiality,sentence_total_sequentialities,sentence_contextual_sequentialities,sentence_topic_sequentialities,story,recAgnPairId,recImgPairId
0,36H9ULYP63GDHIBHS3SGM31QM5EJFH,-2.1700414900854352,"[0.0, 0.86749267578125, 2.314732142857143, 1.4666193181818181, 3.3515625, 2.45, 2.0399576822916665, 1.6617431640625, 1.821875, 1.3612147739955358, 2.044921875, 2.625, 0.24665178571428573, 2.4010416666666665, 2.0377604166666665, 0.226171875, 2.314732142857143, -47.453776041666664, -20.828043619791668, -10.31806640625, -17.082170758928573, 0.46337890625, 2.390625, 1.6122159090909092, 3.11328125, 2.45]","[-49.109375, -24.39990234375, -29.6875, -42.0546875, -24.0625, -33.96875, -25.07275390625, -39.0224609375, -29.546875, -26.63916015625, -49.859375, -20.84375, -30.3203125, -18.578125, -27.3125, -55.79296875, -36.046875, -168.142578125, -164.50732421875, -161.2353515625, -171.8251953125, -27.6328125, -29.15625, -40.453125, -25.015625, -33.96875]","[-49.109375, -31.33984375, -45.890625, -58.1875, -37.46875, -46.21875, -37.3125, -52.31640625, -38.65625, -36.16766357421875, -66.21875, -31.34375, -32.046875, -25.78125, -39.5390625, -58.0546875, -52.25, -25.78125, -39.5390625, -58.0546875, -52.25, -31.33984375, -45.890625, -58.1875, -37.46875, -46.21875]",my cousin wedding so very happy. to invite the family and friends. so very happy as the moment. it is very happy to say that will be surrounding.  people together along. with family UN expected. in come to wedding. that i all so very emotion. make my truing. the wedding  celebration. my Hussein  sister very happy . my surrounding family. it should be understating. very expectation. it may be along time. celebrate in participate in  are people. very mention in happy to say. very expectation. it may be along time. celebrate in participate in  are people. very mention in happy to say.to invite the family and friends. so very happy as the moment. it is very happy to say that will be surrounding.  people together along. with family UN expected,,32UTUBMZ7HIWVWZV4QK361LZ2PJBVS
