,AssignmentId,scalar_text_sequentiality,sentence_total_sequentialities,sentence_contextual_sequentialities,sentence_topic_sequentialities,story,recAgnPairId,recImgPairId
0,3OE22WJIGJAJMNCKII7O54EF7X9QUJ,2.59938610517183,"[0.0, 2.7537841796875, 2.9954427083333335, 2.6337890625, 3.56328125, 2.8338099888392856, 1.7873263888888888, 2.237501084804535, 2.1751302083333335, 3.1552734375, 2.7276131766183034, 3.344140625, 1.6936222956730769, 2.951328822544643, 3.1627604166666665, 2.54638671875, 3.56328125, 2.8338099888392856, 1.7873263888888888, 2.237501084804535, 2.1751302083333335, 3.1552734375, 2.7276131766183034, 3.344140625]","[-65.837890625, -18.9735107421875, -13.88671875, -12.44921875, -13.04296875, -24.530517578125, -30.0625, -31.53906750679016, -24.79296875, -19.341796875, -14.001312255859375, -9.537109375, -43.82080078125, -17.5906982421875, -12.8828125, -12.798828125, -13.04296875, -24.530517578125, -30.0625, -31.53906750679016, -24.79296875, -19.341796875, -14.001312255859375, -9.537109375]","[-65.837890625, -38.25, -31.859375, -22.984375, -30.859375, -44.3671875, -46.1484375, -53.91407835483551, -37.84375, -38.2734375, -33.0946044921875, -26.2578125, -65.837890625, -38.25, -31.859375, -22.984375, -30.859375, -44.3671875, -46.1484375, -53.91407835483551, -37.84375, -38.2734375, -33.0946044921875, -26.2578125]",Today i have gone with my children and family for outing. The outing experience was good. I really enjoyed a lot. It was cool. Everyone were happy. we had lunch from outside. and also had dinner from a popular restaurant. In the meantime we have gone for movie. and to  a park. Amusement park was good. the rides were fantastic. we enjoyed a lot. Today i have gone with my children and family for outing. The outing experience was good. I really enjoyed a lot. It was cool. Everyone were happy. we had lunch from outside. and also had dinner from a popular restaurant. In the meantime we have gone for movie. and to  a park. Amusement park was good. the rides were fantastic. we enjoyed a lot.,,3OE22WJIGJAJMNCKII7O54EF7X9QUJ
