,AssignmentId,scalar_text_sequentiality,sentence_total_sequentialities,sentence_contextual_sequentialities,sentence_topic_sequentialities,story,recAgnPairId,recImgPairId
0,3D3VGR7TA11ZZUE1GD0NNLYK1543RB,1.470190353466793,"[0.0, 0.9767598470052083, 1.74462890625, 1.1212565104166667, 0.9298511346181234, 2.1141493055555554, 0.5280575544937797, 1.3383314344618056, 3.0212271554129466, 1.6860189998851103, 1.9515625, 0.844929552078247, 0.9276404747596154, 1.86053466796875, 2.9633680979410806, 0.5633288792201451, 1.1010912381685698, 2.7906901041666665]","[-29.984375, -39.362701416015625, -58.767578125, -45.513671875, -44.86996603012085, -30.6875, -50.70871067047119, -40.6888427734375, -11.02923583984375, -46.314483642578125, -23.8046875, -44.409271240234375, -34.0244140625, -21.968597412109375, -18.769596099853516, -32.98915433883667, -32.96043395996094, -11.521484375]","[-29.984375, -54.01409912109375, -86.681640625, -58.96875, -61.60728645324707, -49.71484375, -62.854034423828125, -64.77880859375, -32.177825927734375, -74.976806640625, -33.5625, -61.307862281799316, -46.083740234375, -42.434478759765625, -36.5498046875, -44.81906080245972, -47.274620056152344, -28.265625]","I enjoy my new house. I got some new black leather furniture and a red carpet. I also bought some interesting and quite large black and white pictures fro the walls. Rooms that are smaller seem bigger with large wall pictures. I like fabric curtains all the way to the floor, and wood floors. My walls are white, that creates space. I have a little garden in the back and I planted tomatoes, cucumbers,peppers. I also planted a lot of sun flowers, a lemon and an orange tree. And an avocado tree. I got some bird houses too, it's very pretty, my little garden.  Women like pretty things. I also like to hang the laundry and dry it outside in the sun, whenever possible. I still have to work on remodeling the bathrooms. I like copper sinks and faucets. And tall bathtubs. I don't really like my neighbors, but they don't seem to bother me much. It's a good location, close to freeways. Easy to get around.",32VNZTT0A8QKHQX5GR56XQQQ507R47,
