,AssignmentId,scalar_text_sequentiality,sentence_total_sequentialities,sentence_contextual_sequentialities,sentence_topic_sequentialities,story,recAgnPairId,recImgPairId
0,3Q5ZZ9ZEVP1WV4M9VNIGB110CMW85Y,1.5609325228303979,"[0.0, 2.01015625, 1.1712979403409092, 0.4605659816576087, 1.451516544117647, 1.5894149266756499, 0.8392252604166667, 3.4169921875, 1.9766704852764423, 0.9259929155048571, 2.1702473958333335, 3.56171875, 1.9655155605740018, 0.49278860290845233, 1.5729314630681819, 2.058070591517857, 0.9145833333333333, 1.5190972222222223]","[-57.62803649902344, -13.79296875, -19.46142578125, -56.94970703125, -26.09521484375, -31.33112859725952, -43.22802734375, -8.52734375, -22.81060791015625, -37.62838268280029, -12.173828125, -7.22265625, -23.311275482177734, -19.920037746429443, -23.93475341796875, -13.265380859375, -36.29296875, -29.2734375]","[-57.62803649902344, -23.84375, -32.345703125, -67.542724609375, -50.77099609375, -51.99352264404297, -55.81640625, -22.1953125, -48.50732421875, -55.22224807739258, -25.1953125, -25.03125, -41.00091552734375, -25.83350098133087, -41.23699951171875, -27.671875, -50.01171875, -42.9453125]","Dear Diary,  I am still so excited over what happened.  It was really surprising.  I had no idea he was going to do it.  A few weeks ago, Tim and I decided that we were sick of winter already and wanted to go somewhere warm.  We decided to book a trip to Florida to go spend some time at the beach.  We got a pretty good deal on tickets and a resort.  So the second night, we were walking on the beach around sunset.  It was perfect.  The weather was awesome, there was hardly anyone on the beach.  Just as the sun was hitting the horizon, Tim got down on one knee and proposed!  I couldnt believe it.  I was so happy.  I started crying and obviously said yes!  Oh my god, I just can't believe it.   I called Mom the next day and told her.   I texted all my friends.  I wish we had a picture but I'll never forget that moment.  We will probably get married on the beach.",,3OLQQLKKNTBLB4BLXS8A4LGQI4NJEV
