,AssignmentId,scalar_text_sequentiality,sentence_total_sequentialities,sentence_contextual_sequentialities,sentence_topic_sequentialities,story,recAgnPairId,recImgPairId
0,32VNZTT0A8QKHQX5GR56XQQQ507R47,1.7881190827037428,"[0.0, 1.7074652777777777, 1.7073482166637073, 2.165863037109375, 2.43505859375, 1.2721354166666667, 2.0122767857142856, 1.7375113169352214, 1.9549424913194444, 1.7788783482142858, 2.8600260416666665, 1.4197187984690947, 1.3346158541165865, 1.7638634575737848, 2.78515625, 1.6750454372829862]","[-51.735984802246094, -29.3984375, -18.99382781982422, -13.0338134765625, -17.8134765625, -32.7265625, -17.70703125, -20.049331665039062, -16.300048828125, -21.8212890625, -15.35546875, -19.88833999633789, -32.987762451171875, -17.241073608398438, -21.1796875, -24.147247314453125]","[-51.735984802246094, -44.765625, -37.774658203125, -34.69244384765625, -42.1640625, -40.359375, -31.79296875, -35.686933517456055, -33.89453125, -34.2734375, -32.515625, -44.0235595703125, -50.3377685546875, -33.1158447265625, -37.890625, -39.22265625]",One memorable event that happened in my life lately was buying a house. It feels safe to own your own place. You can decorate it the way you want it. You can live there as long as you like. You can plant whatever you like in the yard. The bank procedures were easy. People were very kind and helpful. The previous owner was very cooperative. All in all it was an easy process. I also like my neighbors. The pool is nice too. It takes a bit of work to keep it clean but it's worth it. I find a lot of joy taking care of my new place. Can't wait to have people over. Love the fireplace too. It is very relaxing in the winter.,32VNZTT0A8QKHQX5GR56XQQQ507R47,32VNZTT0A8QKHQX5GR56XQQQ507R47
