,AssignmentId,scalar_text_sequentiality,sentence_total_sequentialities,sentence_contextual_sequentialities,sentence_topic_sequentialities,story,recAgnPairId,recImgPairId
0,3M68NM076ITYWD1JZFYLUOA5Y7WR66,1.4519338060380618,"[0.0, 1.5709635416666667, 1.186667049632353, 1.5783935546875, 2.595703125, 0.5367606026785714, 2.0170071601867674, 1.7760009765625, 1.5624425961421087, 2.1595865885416665, 1.0205270867598684, 0.45142822265625, 1.8179408482142858, 2.2321593544699927, 2.181361607142857, 1.1761920928955079, 0.8197402954101562]","[-52.464088439941406, -17.869140625, -54.033203125, -19.405517578125, -17.6826171875, -49.48828125, -40.156710147857666, -13.3193359375, -27.404107570648193, -23.8154296875, -37.9488525390625, -45.9171142578125, -45.009765625, -20.220413208007812, -14.931640625, -48.29277038574219, -20.58026123046875]","[-52.464088439941406, -32.0078125, -74.20654296875, -35.189453125, -46.2353515625, -57.0029296875, -70.41181755065918, -27.52734375, -47.715861320495605, -49.73046875, -57.3388671875, -54.9456787109375, -70.4609375, -44.774166107177734, -30.201171875, -71.81661224365234, -27.13818359375]","Oh my god so two weeks ago I had a very emotional experience. My daughter had her first day of school. I went to graduate school, she grew up seeing me continuing my education. She is going to be doing the same thing! And going to the same school that I went to! Oh how I've changed from the days of hard partying. To now I get so emotional seeing her doing what she loves. You can see it in her eyes. She isn't just doing this to please her daddy. You can see that she really truly wants to do this. She's talked about wanting to go to the same school that I went to for years. No one can prepare you for the wave of emotions that you will get when you have children. And then not only having said child but getting to see them grow. Getting to see them make decisions on their own. She is growing up so fast! It's difficult to imagine her being old enough to leave the home and attend graduate school. I am crying tears of joy!",,3OUYGIZWR8KI6PZPKYEFGS0YX2UP0Q
