,AssignmentId,scalar_text_sequentiality,sentence_total_sequentialities,sentence_contextual_sequentialities,sentence_topic_sequentialities,story,recAgnPairId,recImgPairId
0,31N2WW6R9SC2W49SPI0T6WK1VX2F3U,1.8730260611751293,"[0.0, 1.51025390625, 1.6358816964285714, 2.9825499852498374, 5.128090476989746, 1.9546595982142858, 2.2777328491210938, 1.148145188887914, 1.2744129180908204, 1.9988107681274414, 3.072021484375, 2.677734375, 0.5925958806818182, 1.4065153333875868, 1.8256746927897136, 1.213353577782126, 1.8789034756747158, 1.3208722897938319, 1.6892866654829546]","[-37.3447265625, -15.0322265625, -13.875, -12.664453506469727, -5.9298601150512695, -15.2958984375, -19.95001220703125, -17.726679801940918, -15.515765190124512, -24.09178924560547, -13.05859375, -14.18359375, -37.24560546875, -22.84804344177246, -19.86101531982422, -31.35345947742462, -30.496124267578125, -39.00781488418579, -33.6053466796875]","[-37.3447265625, -24.09375, -25.326171875, -30.55975341796875, -31.5703125, -28.978515625, -38.171875, -31.504422068595886, -28.259894371032715, -40.082275390625, -37.634765625, -30.25, -43.76416015625, -35.50668144226074, -30.8150634765625, -51.980470299720764, -51.1640625, -57.50002694129944, -52.1875]","Five weeks ago, I got into an argument with a friend. We were at a bar. He was making fun of me. I cursed at him. He cursed back. I decided to go home alone. He had to get an Uber. I didn't talk to him for a few days. I decided to go to the movies alone. I saw a nice blockbuster. It had a lot of action scenes. It had a great plot. Later that week, I decided to be friends again. We both went bowling to celebrate. I barely beat him. It was an intense game but we both had a lot of fun that day. We got beer to drink while we bowled. I almost puked during bowling but glad I didn't. They would of kicked us out for puking.",,3P4MQ7TPPYYHMI1PZ9T35PRS4JZBBV
