,AssignmentId,scalar_text_sequentiality,sentence_total_sequentialities,sentence_contextual_sequentialities,sentence_topic_sequentialities,story,recAgnPairId,recImgPairId
0,3PW9OPU9PR6ML7J1EJ73YKBFO9L126,1.0633711807083008,"[0.0, 0.6102890557256239, 0.5479049682617188, 1.0290178571428572, 0.88459228515625, 1.165283203125, 0.8213136737996881, 1.336015625, 2.1375177556818183, 1.443169185093471, 0.9364304315476191, 1.7689070268110796, 1.0639595985412598, 0.9221435546875, 1.125579833984375, 1.2218148367745536]","[-31.916748046875, -55.349865674972534, -30.121292114257812, -68.291015625, -39.87371826171875, -56.9140625, -60.53329920768738, -57.46484375, -18.7509765625, -20.83587646484375, -48.75921630859375, -28.112335205078125, -40.9454927444458, -26.2568359375, -19.53466796875, -26.554107666015625]","[-31.916748046875, -73.04824829101562, -36.69615173339844, -89.900390625, -61.988525390625, -75.55859375, -78.60220003128052, -90.865234375, -42.263671875, -30.938060760498047, -68.42425537109375, -47.5703125, -57.96884632110596, -35.478271484375, -28.539306640625, -43.659515380859375]","So I got called for jury duty. At first I didn't want to go but when I learned that I could go to jail for not going I forced myself to go. The event was dull and terribly boring. I had to wait for hours on end doing nothing but watch the orientation, and waiting for no reason. I spent most of the time on my phone, messaging my friends, and telling them how boring it was there. After a whole 2 hour of waiting, they starting calling different people out. I wasn't called, so I guess I didn't have to go on actual juror duty. That was true, and in the end they told us that they had enough people and the rest of us can go home. Well, at least we got paid for our time. That's that I guess. So I went home, and after 2 weeks they sent me a 20 dollar check. In the end I forgot to cash it in. I guess I just did jury duty for free, didn't I? Oh, well, my time was wasted. Not like that's anything new. But at least I know what's it's like now.",,3PB5A5BD0WSQBN6A2E911YWT16O7GA
