,AssignmentId,scalar_text_sequentiality,sentence_total_sequentialities,sentence_contextual_sequentialities,sentence_topic_sequentialities,story,recAgnPairId,recImgPairId
0,3Z7ISHFUH1HU2I6Y2BPW058UIZEZ81,1.5670950243124646,"[0.0, 1.2686767578125, 2.12156089146932, 1.9119033813476562, 2.0944307767427883, 1.541748046875, 2.8390066964285716, 1.732429937882857, 0.8502604166666666, 1.817317581176758, 2.635028839111328, 0.9872143689323875, 1.2095966339111328, 1.0017117023468018, 1.710565483570099, 2.0397959391276044, 0.8793679599104256]","[-39.03857421875, -47.2314453125, -17.304723739624023, -29.71800994873047, -16.66595458984375, -15.189453125, -10.849609375, -15.43683910369873, -53.60583686828613, -20.649120330810547, -14.700042724609375, -26.36704444885254, -27.49106216430664, -41.02457904815674, -22.687524676322937, -18.160202026367188, -62.59559631347656]","[-39.03857421875, -72.60498046875, -42.76345443725586, -54.57275390625, -43.8935546875, -27.5234375, -30.72265625, -34.493568420410156, -71.46130561828613, -38.822296142578125, -35.7802734375, -43.149688720703125, -39.58702850341797, -61.05881309509277, -39.793179512023926, -48.75714111328125, -88.0972671508789]","Mothers day was great this year. Usually we cook at home but this year my sister and I decided to take mom out to dinner. We picked a really nice restaurant and made reservations. We decided on Italian food, that's moms favorite. We all dressed up really nice and headed to the restaurant. We were very happy with our choice. The restaurant was beautiful and quiet. The seating was very comfortable and spacious. I hate when you go to restaurants and you're crammed next to a strangers table. The menu had everything we could have imagined. And the wine list was amazing! We ordered 2 bottles of wine and some appetizers to start with. My mom really seemed to be enjoying herself. We all ordered a different pasta dish so that we could share and try each others food. The absolute best part was the desserts! They had the most amazing Tiramisu I've ever tried. We were really happy with our decision to reserve a spot at this restaurant, and we will be going back soon to try and other dishes.",,3PIWWX1FJKSTMKXDBTJ111TIF7LJJ0
