,AssignmentId,scalar_text_sequentiality,sentence_total_sequentialities,sentence_contextual_sequentialities,sentence_topic_sequentialities,story,recAgnPairId,recImgPairId
0,3LKC68YZ3BPTTFO9Y5ULYN4CMREOWN,2.3576458078212834,"[0.0, 2.4231770833333335, 2.3133138020833335, 2.3723958333333335, 0.8958333333333334, 4.483723958333333, 3.36474609375, 2.3265838623046875, 3.2515433175223216, 2.9125434027777777, 3.09912109375, 2.484375, 3.2388392857142856, 0.8897879464285714, 2.0466796875, 1.9452907017299108, 1.7234375, 2.666232638888889]","[-24.4921875, -20.9296875, -14.537109375, -19.46875, -16.28125, -13.05078125, -18.3544921875, -33.5045166015625, -13.241241455078125, -13.119140625, -28.17578125, -22.625, -22.25, -60.97265625, -23.5546875, -38.677734375, -35.8046875, -36.28515625]","[-24.4921875, -35.46875, -28.4169921875, -33.703125, -18.96875, -39.953125, -55.36669921875, -52.1171875, -36.002044677734375, -39.33203125, -52.96875, -44.984375, -44.921875, -73.4296875, -44.021484375, -65.91180419921875, -53.0390625, -60.28125]","My daughter is my world. She is very pretty girl. I call her angel. she is first in class. and also. she is first in sports. and also she is first in extra curricular activities. like swimming,drawing extra. she is very talented girl. i am very proud to be her father. she got many medal at state level. she is very active girl in her class. even her teacher told to me. 1 weeks ago my daughter is love her new first grade class. As a parents we are very proud of her. We are looking forward to seeing all her fun things doing in class. we do many fun things even in our home. i was wonder when she did fun things.",,3PQ8K71NHY67KYR5NHTBF3NG5DEAAE
