,AssignmentId,scalar_text_sequentiality,sentence_total_sequentialities,sentence_contextual_sequentialities,sentence_topic_sequentialities,story,recAgnPairId,recImgPairId
0,3KV0LJBBH370LGMBMV52JK7QQJNMRB,1.9227897166189014,"[0.0, 2.2096354166666665, 2.025535074869792, 1.7948404947916667, 1.313720703125, 1.2166666666666666, 2.46484375, 2.0360243055555554, 1.6156338778409092, 2.24853515625, 2.7455357142857144, 1.2769325657894737, 4.755859375, 3.271484375, 4.146875, -0.036376953125, -3.5869140625, 2.90234375, 1.73203125, 1.38125, 2.74765625, 0.57890625, 4.1693359375, 4.87890625, 2.0166015625, 0.086669921875]","[-82.517578125, -24.2578125, -37.5128173828125, -53.2744140625, -50.8916015625, -73.8828125, -48.03125, -45.80078125, -31.64404296875, -33.91796875, -24.015625, -81.63671875, -9.5234375, -10.9296875, -14.0, -24.1611328125, -44.12890625, -11.5234375, -17.00390625, -36.74609375, -12.51953125, -28.37109375, -14.3251953125, -9.03125, -20.48046875, -28.2001953125]","[-82.517578125, -37.515625, -67.89584350585938, -74.8125, -66.65625, -92.1328125, -77.609375, -64.125, -49.416015625, -51.90625, -43.234375, -105.8984375, -28.546875, -24.015625, -34.734375, -24.015625, -29.78125, -23.1328125, -25.6640625, -50.55859375, -26.2578125, -31.265625, -35.171875, -28.546875, -28.546875, -28.546875]","my friend marriage function :Just before one year my friend got married . he invited everyone of us . me and my friends went to that function with lot's of excitement . the celebration started well And a party went pretty good .It slightly started with a beer and some meats . we dance together with rock and pop and finally everything was a beautiful there.  then we sing together and played some games including rap songs .we take some tools like guitar , balls. there is a swimming pool we just swim. we just started to strip our clothes .we ended with bikini. then finally we got some sex partners to enjoy that whole nightwe got sex with our partners. we had sex. we had it. we  had it. we had it. we had it .we enjoyed it. we do it again. the whole night we fucked a lot. we enjoyed a lot. we enjoyed a lot .we done a lot .we had sex. we had sex. we had sex.",,3Q8GYXHFEQOY77CMCZYLDNXI6S2C5P
