,AssignmentId,scalar_text_sequentiality,sentence_total_sequentialities,sentence_contextual_sequentialities,sentence_topic_sequentialities,story,recAgnPairId,recImgPairId
0,3CPLWGV3MPL0ZYBP4FKG5EWW18B9ND,1.517922991242136,"[0.0, 1.0885416666666667, 1.2049753289473684, 0.712738037109375, 1.73046875, 1.6491834852430556, 0.9358183208264803, 2.186474609375, 0.9049050013224283, 1.057525634765625, 1.935601806640625, 2.978851318359375, 2.0792388916015625, 1.4962605794270833, 2.489773220486111, 1.6228759765625, 1.731458223783053]","[-49.0040283203125, -16.4453125, -63.484375, -45.265045166015625, -23.53515625, -22.2218017578125, -68.3597412109375, -17.9423828125, -64.91584777832031, -28.849365234375, -23.24755859375, -10.27459716796875, -12.702713012695312, -37.69525146484375, -27.539306640625, -51.01708984375, -35.03993225097656]","[-49.0040283203125, -22.9765625, -86.37890625, -57.381591796875, -39.109375, -37.064453125, -86.14028930664062, -39.80712890625, -86.6335678100586, -43.65472412109375, -42.60357666015625, -28.147705078125, -27.25738525390625, -60.13916015625, -49.947265625, -83.474609375, -57.54888916015625]",I roomed with a fellow caregiver friend of mine. We had not met before. It was a perfect time to get together under a different situation then we normally interacted in. We hung out during the day by the pools and we had so much fun. We drank and laughed and took photos. I introduced her to old friends of mine. My friend goes to bed early so i would spend my evenings with my old concert friends. We caught up and shared stories and laughs. I loved catching up with people as well as finally connecting with some I have known a long time but not met. People came from all over the world and it was so amazing. I ate lots of good food and drink. The music was amazing. The concerts were amazing. They did costume night each night and that was a lot of fun. Lots of glow paint and stuff. Band members walked around a bit and that was fun to have them interact with us in that way. The DJ at the pool at night was out of this world.,30BXRYBRP5JJ1Y2MUSZVEE7B1HCWHY,
