,AssignmentId,scalar_text_sequentiality,sentence_total_sequentialities,sentence_contextual_sequentialities,sentence_topic_sequentialities,story,recAgnPairId,recImgPairId
0,3QXNC7EIPJHXE2JI39IIU20JHLY900,1.9522194138347126,"[0.0, 1.36865234375, 5.172154017857143, 1.8356584821428572, 1.89501953125, 1.82421875, 2.268170166015625, 3.6832682291666665, 2.14434814453125, 1.9350327385796442, 2.075892857142857, 1.741206455230713, 1.60546875, 1.190673828125, 2.44375, 1.1803089488636365, 0.8239067925347222]","[-50.923828125, -32.80078125, -6.294921875, -23.17578125, -28.39453125, -24.919921875, -26.80511474609375, -12.900390625, -15.823974609375, -14.54975700378418, -8.6015625, -29.709505081176758, -22.1640625, -22.740234375, -9.71875, -29.9541015625, -63.383056640625]","[-50.923828125, -43.75, -42.5, -36.025390625, -43.5546875, -41.337890625, -49.48681640625, -35.0, -32.978759765625, -31.965051651000977, -23.1328125, -47.12156963348389, -36.61328125, -32.265625, -21.9375, -42.9375, -78.21337890625]",My life is partially mixed with the good and bad. I take good thing to be happy. And bad thing to be sad. My life going on smoothly. I have a small circumstances in life. My romantic partner is very lovable. My two lovable children are so cute. My working life is good. But sometimes it is very stressful. My friends are very helpful and caring. I love my family and friends. When i feel upset they encourage me. And i am happy with what i have. My life is entirely different from others. I love to travel. And i think i'm a wandering soul. But in life i want to change some characters to interact with the other peoples.,,3QXNC7EIPJHXE2JI39IIU20JHLY900
