,AssignmentId,scalar_text_sequentiality,sentence_total_sequentialities,sentence_contextual_sequentialities,sentence_topic_sequentialities,story,recAgnPairId,recImgPairId
0,3A7Y0R2P2PAUH422SXY2SA1XNS2XJB,1.8645903693649157,"[0.0, 0.69375, 1.9324544270833333, 2.0304492950439452, 2.2334109942118325, 2.9140625, 2.2689208984375, 1.8936280568440755, 1.6937255859375, 1.8493303571428572, 1.14697265625, 2.41875, 1.670135243733724, 2.298828125, 2.697544642857143, 2.3625, 1.9907053167169744, 0.4989725748697917, 2.706508091517857, 1.9911586216517858]","[-36.109375, -23.75, -15.4521484375, -25.448009490966797, -26.509187698364258, -15.4609375, -16.0390625, -23.63685417175293, -46.3380126953125, -16.640625, -53.21875, -17.828125, -43.87739562988281, -26.890625, -18.40625, -12.8359375, -23.65771484375, -24.49755859375, -29.054443359375, -21.5618896484375]","[-36.109375, -27.21875, -27.046875, -45.75250244140625, -53.31011962890625, -30.03125, -34.1904296875, -52.04127502441406, -68.3564453125, -29.5859375, -71.5703125, -29.921875, -68.92942428588867, -45.28125, -37.2890625, -24.6484375, -45.55547332763672, -30.4852294921875, -48.0, -35.5]",My cousin got married in Washington. We enjoy a lot. It makes me very happy. I met many family members in this wedding. I also met my school friends in this wedding function. We take many photos. They are good memories to me. This wedding function is one of the memorable day in my life. Me and my friends are speak with our olden memories. It gives me a wonderful feeling. The happiest moment in our life is met our friends at the unexpected moment. I also feel it. Because i don't know they are come to my cousin wedding. They gives me a very good company. My friends are so lovable. They made my day. I am very lucky to having such a friends. It was the unforgettable day in my life. My cousin also so cute. That wedding is so beautiful.,,3QY5DC2MXS6MVYMB42WUT5A10VOFU2
