,AssignmentId,scalar_text_sequentiality,sentence_total_sequentialities,sentence_contextual_sequentialities,sentence_topic_sequentialities,story,recAgnPairId,recImgPairId
0,31LM9EDVOMEP5AOYQRBTU8A0JGQJNF,1.2926663822243631,"[0.0, 0.803125, 0.9776088169642857, 1.968603515625, 0.9041582743326823, 2.6921875, 0.7727652655707465, 1.1930875276264392, 1.052825391292572, 1.3154754638671875, 1.6732177734375, 2.4143040974934897, 1.5383078835227273, 1.0874420166015626, 0.99688720703125]","[-57.5556640625, -19.859375, -48.03955078125, -34.31298828125, -29.556808471679688, -24.0703125, -48.92073059082031, -35.41057014465332, -46.21497440338135, -22.73560333251953, -21.1572265625, -18.205917358398438, -28.28466796875, -21.921066284179688, -23.52685546875]","[-57.5556640625, -23.875, -61.72607421875, -53.9990234375, -45.83165740966797, -37.53125, -62.83050537109375, -58.079233169555664, -63.0601806640625, -38.52130889892578, -39.5626220703125, -32.691741943359375, -45.2060546875, -32.79548645019531, -31.501953125]","Jane, was honored for a life service.  She is super smart.  She worked on getting funds and doing fundraising for the university.  She was focused a lot on outside contributors.  Her biggest donation came in the amount of $100,000.  Jane attended this university.  Her degree was in the arts, but raising money was something she always excelled in.  When she was a girl scout, she earned multiple badges related to fundraising.  The honor from the university came with a beautiful letter, which was framed.  She also received a gift certificate to a local diner.  Her friends and family were part of the celebration.  Her boyfriend also attended.  She had many of her fellow students there as well.  It was a wonderful day, full of excitement.  They also served coffee and cake.",,3QY7M81QH88VD92TS5UGZQOMB6S7K5
