,AssignmentId,scalar_text_sequentiality,sentence_total_sequentialities,sentence_contextual_sequentialities,sentence_topic_sequentialities,story,recAgnPairId,recImgPairId
0,3R2PKQ87NXUNSHJSW8BT5S6Z3EMMI7,1.6259142124349713,"[0.0, 2.2272135416666665, 1.17010498046875, 1.4909218236019737, 1.7687552315848214, 2.2269176136363638, 1.3970529656661184, 0.7578435625348773, 1.66875, 1.9726118607954546, 1.1585596799850464, 1.4318191821758564, 2.0316162109375, 2.00791015625, 2.5916410173688615, 2.2018229166666665, 1.5370008680555556]","[-40.26857376098633, -12.1328125, -44.376953125, -28.0528564453125, -22.32672119140625, -21.3544921875, -43.05462646484375, -29.11639404296875, -30.763671875, -19.72705078125, -37.22344207763672, -25.099241256713867, -25.6455078125, -29.22119140625, -19.310302734375, -10.09765625, -22.064453125]","[-40.26857376098633, -25.49609375, -63.0986328125, -56.38037109375, -47.08929443359375, -45.8505859375, -69.5986328125, -39.72620391845703, -55.794921875, -41.42578125, -55.76039695739746, -43.712890625, -41.8984375, -59.33984375, -55.59327697753906, -23.30859375, -35.8974609375]","My son had his first birthday about 3 months ago. It was a great time. We used the gym at the school I work at to host the party. We got there early, decorated the gym, and waited for our guests to arrive. Being his first birthday, there were a lot of people there! I would estimate that around 40 people came. This number was surprising because we live nearly an hour away from most of the people who came. My uncle arrived late because his truck broke down on the way. I felt bad about that but other than that, the day was perfect. We had lots of fun talking to everyone who came. My son had a great time discovering all the new toys he got. He also had a lot of fun eating his cake! Our theme for the party was baseball. My wife made my son a cake that looked like a giant baseball. She also made cake pops that looked like baseballs too. It was a great day. I felt very proud and full of joy!",3R2PKQ87NXUNSHJSW8BT5S6Z3EMMI7,3R2PKQ87NXUNSHJSW8BT5S6Z3EMMI7
