,AssignmentId,scalar_text_sequentiality,sentence_total_sequentialities,sentence_contextual_sequentialities,sentence_topic_sequentialities,story,recAgnPairId,recImgPairId
0,3R5F3LQFV36XNATE9SESXRYU2CEZOL,1.5175840493209525,"[0.0, 1.5999644886363635, 1.7888128107244319, 1.090232803708031, 2.065190241887019, 1.6000888347625732, 1.016958999633789, 1.4290488560994465, 2.0884414672851563, 2.836829049246652, 0.9859116498161765, 3.2572021484375, 1.1638671875, 1.45546875, 1.6114095052083333, 0.8992227407602164, 0.910279304750504]","[-55.111328125, -31.052734375, -26.094970703125, -67.97080993652344, -39.804443359375, -29.976806640625, -22.221405029296875, -27.13507080078125, -27.009048461914062, -20.406539916992188, -51.92724609375, -15.2640380859375, -35.0333251953125, -47.25390625, -29.2490234375, -59.00688171386719, -71.03828430175781]","[-55.111328125, -48.65234375, -45.77191162109375, -90.86569881439209, -66.65191650390625, -49.17787265777588, -32.390995025634766, -44.28365707397461, -47.893463134765625, -40.26434326171875, -68.687744140625, -47.8360595703125, -46.6719970703125, -69.0859375, -48.5859375, -82.38667297363281, -99.25694274902344]","Two months ago i had my birthday party and it was glorious. I enjoyed myself and it was a very awesome experience. I was surprised when i saw my ex girlfriend. i didn't expect her to come, She got me a brand new Ipone X Max. My present girlfriend gift was not as good as my ex. My friends said that they believe she still loves me. I drank so much on my birthday. I kissed my ex girlfriend in the closet. She was so pretty on my birthday party. My girlfriend was jealous .I was not really bothered about the kiss though it was a lovely moment . My girlfriend did not know about the kiss. I was tipsy but still active and alert. Later i told my friends about the kiss, and the little romance. we all laughed about it and we continued with the party. Later i went to the rest room, my ex also came to the rest room, we kissed and cuddled. I felt guilty because i was cheating on my girlfriend but i was not very bothered based on the fact that i was enjoying the moment.",,3R5F3LQFV36XNATE9SESXRYU2CEZOL
