,AssignmentId,scalar_text_sequentiality,sentence_total_sequentialities,sentence_contextual_sequentialities,sentence_topic_sequentialities,story,recAgnPairId,recImgPairId
0,3CN4LGXD5YATER9RUMX05MJNQWC4YC,1.6521658671795585,"[0.0, 1.0966027975082397, 3.3355034722222223, 1.8063414096832275, 1.9517655806107954, 1.4504612513950892, 1.8300230961579542, 1.9433024883270265, 1.1562915444374084, 0.5388596852620443, 2.675, 0.9993690013885498, 2.85390625, 1.5135040283203125, 1.7499377386910575, 1.5497320265997023, 1.6362193714488635]","[-31.173964142799377, -38.81226468086243, -12.55859375, -21.96889019012451, -11.63702392578125, -14.732711791992188, -11.15186595916748, -22.83647584915161, -30.256651878356934, -23.259048461914062, -11.171875, -47.75100231170654, -8.01953125, -28.452880859375, -21.532846450805664, -53.79400634765625, -18.57305908203125]","[-31.173964142799377, -60.74432063102722, -42.578125, -50.87035274505615, -33.1064453125, -35.03916931152344, -34.942166209220886, -42.269500732421875, -48.75731658935547, -28.10878562927246, -24.546875, -67.73838233947754, -22.2890625, -52.6689453125, -46.03197479248047, -86.33837890625, -36.57147216796875]","My mom has smoked cigarettes for as long as I can remember. When I was a child, I use to take her cigarettes and crush them. I would then throw them in the garbage.  As I got older, I would always beg my mom to quit smoking. I knew that smoking was bad for her health. I wanted my mom to be around for as long as she could. I didn't want her to get sick from smoking.  My mom resisted quitting for so long. She was so addicted, she smoked around three packs a day.  She recently moved in with her boyfriend. They both smoked. Once her boyfriend turned 60, he decided that he thought they should quit smoking. She agreed with him. I was so happy when she told me that they were going to quit together. I have been waiting my whole life for her to quit smoking. I know that she will feel amazing after all the ill affects of the smoke leave her body. I am so happy for her and her boyfriend.",3RRCEFRB7NYX1JGGKUJGXBLMVL64BV,
