,AssignmentId,scalar_text_sequentiality,sentence_total_sequentialities,sentence_contextual_sequentialities,sentence_topic_sequentialities,story,recAgnPairId,recImgPairId
0,3SKRO2GZ72DH2NNR3PD7YGX9X7GK18,2.0219897364809563,"[0.0, 0.63701171875, 1.7210286458333333, 2.0410079956054688, 3.3095703125, 1.618626644736842, 2.478670987215909, 2.068359375, 2.957763671875, 1.5772298177083333, 3.54453125, 1.8019205729166667, 2.0896484375, 2.704925537109375, 2.3052978515625, 1.5403719815340908, 1.4086143092105263, 2.53924560546875, 1.4191450639204546, 2.676824951171875]","[-61.37939453125, -25.32421875, -26.9267578125, -19.47686767578125, -14.111328125, -62.96875, -30.1259765625, -14.15234375, -18.3486328125, -51.6904296875, -24.80859375, -19.9306640625, -27.9599609375, -18.610595703125, -27.9951171875, -34.903564453125, -63.6103515625, -42.3748779296875, -34.67718505859375, -21.61334228515625]","[-61.37939453125, -31.6943359375, -42.416015625, -35.804931640625, -33.96875, -93.72265625, -57.391357421875, -26.5625, -36.09521484375, -70.6171875, -42.53125, -30.7421875, -48.8564453125, -40.25, -46.4375, -51.84765625, -90.3740234375, -75.38507080078125, -50.28778076171875, -48.381591796875]","three months before i would engaged with my lover. it was the memorable moment in my life. we were in relationship more than four years. my partner is very caring person. he always take care me. when ever i come late at home,he came and pickup me at the late night. so i really admire my partner love and affection. we spend much time together. we share lots of things .whenever i supposed in the critical situation he would help me. i really him lot. he surprised me every day. he would gift me lot of precious things. i thought how much he loved me. really it makes me felt very happy. he always celebrate my birthday in unique place. i really surprised,each and every moment he thought about me and he did anything for me. i would felt very lucky,he is my god gift. we were plan lot of things for our wedding. we really looking forward for my wedding day.",,3SKRO2GZ72DH2NNR3PD7YGX9X7GK18
