,AssignmentId,scalar_text_sequentiality,sentence_total_sequentialities,sentence_contextual_sequentialities,sentence_topic_sequentialities,story,recAgnPairId,recImgPairId
0,3DL65MZB8E1Y3Q5FN0ROHH3VISBCED,1.92378750001706,"[0.0, 3.10693359375, 2.0681818181818183, 2.498046875, 2.1455078125, 3.39609375, 0.6528748671213785, 1.5741426294500178, 2.2958984375, 2.2431640625, 2.6758219401041665, 0.6461543050305597, 1.4139085043044317, 2.6614583333333335, 1.94775390625, 1.8783482142857142, 1.500098450978597]","[-35.173362731933594, -9.712890625, -20.080078125, -24.88671875, -10.09375, -6.86328125, -10.88259506225586, -32.93972206115723, -15.029296875, -13.0166015625, -11.3760986328125, -56.90321063995361, -32.508212089538574, -10.13671875, -23.697265625, -19.0390625, -21.730008125305176]","[-35.173362731933594, -22.140625, -42.830078125, -39.875, -22.966796875, -23.84375, -14.79984426498413, -50.25529098510742, -28.8046875, -28.71875, -27.4310302734375, -75.64168548583984, -62.20029067993164, -26.10546875, -47.0703125, -32.1875, -44.23148488998413]","So I was hanging out with my friends at the movies. It was fun. We watched an action movie and it was just great. I loved it so fun. We had so much fun. It was just great. I don't know. When we were watching it we had popcorn. They tasted so good. It was such a nice experience. We loved it so much. At one part of the movie something scary was happening and I had to shut my eyes, because I didn't want to see it. The ghost in the movies was so scary and I didn't want to see it. So I closed my eyes. I'm pretty sure my friends closed their eyes too. It was just weird to see. I don't know why it was scary but it just was.",,3TR2532VIQGHYPI6RAPCSXODRAJJ6S
