,AssignmentId,scalar_text_sequentiality,sentence_total_sequentialities,sentence_contextual_sequentialities,sentence_topic_sequentialities,story,recAgnPairId,recImgPairId
0,3WEV0KO0ONE9I1GBOR64Q4PSBSKSD7,1.8683434204830156,"[0.0, 1.46875, 1.123766465620561, 3.1842108832465277, 1.6837416428786058, 0.6731955788352273, 1.926361083984375, 2.051396793789334, 1.1955954811789773, 2.7059461805555554, 1.7065330468691313, 2.053649478488498, 3.299266815185547, 2.2069391770796343, 2.5322558085123696, 2.0818862915039062]","[-37.0330810546875, -14.015625, -36.7386360168457, -8.96710205078125, -27.122833251953125, -44.6104736328125, -13.139892578125, -12.991217613220215, -30.341552734375, -20.044921875, -25.25609517097473, -28.383243560791016, -7.434120178222656, -19.8195858001709, -11.404121398925781, -20.915802001953125]","[-37.0330810546875, -27.234375, -49.100067138671875, -37.625, -49.011474609375, -52.015625, -28.55078125, -31.45378875732422, -43.49310302734375, -44.3984375, -47.44102478027344, -46.8660888671875, -40.426788330078125, -44.095916748046875, -26.59765625, -45.8984375]","Three months ago, I met my dream girl. We went on a date to a restaurant. I had a big steak with some coke. She had a salad with some wine. I paid for the meal and we left to her house. We later decided that we were met for each other. She proposed to me and I accepted. I can't wait to get married. I am planning on using a black tuxedo. She will be going in a white dress. We will invite all sorts of people to the wedding. I will invite me parents and brothers. She will invite her parents and sisters. We will have the wedding in a casino. It will be crazy. This will be the funnest wedding of all time.",,3TU5ZICBRENLOQ57FF6J9CWQI3WQ8K
