,AssignmentId,scalar_text_sequentiality,sentence_total_sequentialities,sentence_contextual_sequentialities,sentence_topic_sequentialities,story,recAgnPairId,recImgPairId
0,3TVRFO09GL10CUQ2VIAF8PEP1XVXL7,1.4624044511820002,"[0.0, 1.6426435198102678, 2.10550537109375, 2.9159011840820312, 1.023296190344769, 0.8942541825143915, 2.2845052083333335, 0.9608631134033203, 2.1247406005859375, 1.1696428571428572, 1.1952799479166667, 2.0761146545410156, 1.3984375, 1.3097005420260959, 0.3491052642013087, 1.9484810829162598]","[-43.86353278160095, -28.169189453125, -14.3531494140625, -7.164146423339844, -77.65286254882812, -63.42219543457031, -25.74609375, -29.082992553710938, -23.0595703125, -39.619140625, -28.340988159179688, -22.134117126464844, -28.375, -53.76504039764404, -45.98420310020447, -31.103195190429688]","[-43.86353278160095, -51.16619873046875, -35.408203125, -21.74365234375, -101.18867492675781, -80.41302490234375, -39.453125, -47.33939170837402, -46.43171691894531, -55.994140625, -46.27018737792969, -42.895263671875, -36.765625, -77.33965015411377, -57.504676818847656, -62.278892517089844]","I had always dreamed about visiting the south pacific. My wife and I finally got the chance to do that in June. We went to the Cook Islands for a week. It was magical. Being able to see the stars at night is something that you rarely get the opportunity to see in contentinal America. being able to snorkle in crystal clear torqouise waters was incredible. Just the peace was nice. Not having to deal with the hustle and bustle of modern life in America. Being able to sleep in was something that I enjoyed. It was so dark at night, with almost no artificial light present. I was shocked by how peaceful and relaxing my sleep was. The people were also so friendly and accommodating. We stayed on two islands. The main island Rarotonga and a more remote island Atituatki. Aitutaki has a population of less than 2000 people, whereas Rarotonga is closer to 15,000. We preferred Aitutaki because it was more beautiful, clean and peaceful.",,3TVRFO09GL10CUQ2VIAF8PEP1XVXL7
