,AssignmentId,scalar_text_sequentiality,sentence_total_sequentialities,sentence_contextual_sequentialities,sentence_topic_sequentialities,story,recAgnPairId,recImgPairId
0,3TE22NPXPCYDGKV75F9TPXFGCEB448,1.3581817704977295,"[0.0, 0.8088727678571429, 0.9737013677755991, 2.0421429872512817, 1.4015350341796875, 1.2006436649121737, 1.3201458270733173, 1.0666833676789935, 2.3140171595982144, 1.908251953125, 1.0609034488075657, 1.6660544655539773, 1.6879494406960227, 1.197610294117647, 1.0726318359375, 2.0097647133995507]","[-59.560546875, -56.32421875, -42.01487064361572, -19.87227725982666, -15.351318359375, -33.33259582519531, -19.738624572753906, -27.416574001312256, -14.6534423828125, -23.24169921875, -41.198455810546875, -26.06011962890625, -22.8973388671875, -35.046875, -40.933624267578125, -21.204620599746704]","[-59.560546875, -67.6484375, -65.3837034702301, -50.504422068595886, -26.5635986328125, -56.14482545852661, -36.90052032470703, -47.683557987213135, -30.8515625, -42.32421875, -61.355621337890625, -44.38671875, -41.46478271484375, -55.40625, -55.950469970703125, -55.37062072753906]","Two months ago I had to take a tech program examination.  My standing at work was under challenge by other people in my company.  If I didn't pass the test I would have been demoted and I would have had my pay lowered.  I didn't want that so I tried my best to pass it.  It was an extremely stressful time.  I wasn't afforded much time to prepare for the test, not even a day.  It was sprung on me at a moment's notice.  I was worried that I wasn't going to make it on time to the test.  I managed to make it there.  When I sat down I got right to work.  I started to calm down when I noticed that the questions were things I was very familiar with.  This gave me confidence that I needed at the time.  When the exam was finally done I was relieved.  Later that week I found out the results of the exam, and I had passed.  I was able to keep my social standing and position in the company.  My boss and my co-workers congratulated me for passing.",,3U4J9857OFXUK6YZMSHN0N5WD4WB7B
