,AssignmentId,scalar_text_sequentiality,sentence_total_sequentialities,sentence_contextual_sequentialities,sentence_topic_sequentialities,story,recAgnPairId,recImgPairId
0,308XBLVESJQ42PIEV6FT54WWGVUBRA,1.4804169531403826,"[0.0, 1.6986737932477678, 1.629529317220052, 0.836309932527088, 1.705517578125, 1.9231228298611112, 1.2032585144042969, 0.8220891952514648, 1.2450219330034757, 0.9547526041666666, 1.8778076171875, 1.0799135954483696, 1.8275413513183594, 2.3115641276041665, 3.4775390625, 1.3468580979567308, 1.2275886535644531]","[-104.6803970336914, -40.24053955078125, -28.692169189453125, -68.75976955890656, -25.21826171875, -20.70654296875, -62.355438232421875, -28.191204071044922, -46.56779599189758, -17.291015625, -32.39599609375, -73.431640625, -19.328887939453125, -31.86083984375, -8.23046875, -28.4075927734375, -22.569046020507812]","[-104.6803970336914, -64.02197265625, -48.24652099609375, -86.3222781419754, -42.2734375, -38.0146484375, -91.233642578125, -38.0562744140625, -70.22321271896362, -23.01953125, -54.9296875, -98.2696533203125, -33.94921875, -59.599609375, -22.140625, -45.916748046875, -34.844932556152344]","2 months ago we had a birthday party for my son--now, being that it was his first birthday, it was less his party and more me and my husband's. Think of it more of like a joint birthday, I suppose? A celebration of my son surviving his first year. He wouldn't remember it, but, hey, adults cant have big birthdays anymore! So, yes, not many people showed up. That was the sad part, I guess? A few family members came, but, like I said, it was like being stood up on YOUR birthday. So, frankly, we were pissed. We had taken the time to set up reservations, and we got jilted. Cool, I guess. So our family showed up, and we did have fun! The girls in the family all took turns on a slide we had decided to rent last minute for the kids. You know, to distract them. But I guess the distraction became ours, too! It was fun. I went down a few times, to be honest with you. It's nice feeling like a kid again.",,3U5NZHP4LSOTHP5LI6L0MKZFALSPHJ
