,AssignmentId,scalar_text_sequentiality,sentence_total_sequentialities,sentence_contextual_sequentialities,sentence_topic_sequentialities,story,recAgnPairId,recImgPairId
0,3K4J6M3CXFF8UP489HLLBPYKSH8GAM,1.3655717850370301,"[0.0, 1.5314208984375, 0.7914181663876488, 1.027294921875, 1.7180293156550481, 2.9391276041666665, 1.0486341714859009, 1.5422758758068085, 1.1065444946289062, 1.1460774739583333, 1.1232789158821106, 1.6395155191421509, 1.975821102366728, 1.499903592196378, 2.1575469970703125, 0.6022595115329908]","[-35.220252990722656, -14.720947265625, -71.97525024414062, -31.869140625, -32.298919677734375, -10.802734375, -40.278385162353516, -16.977555513381958, -27.764450073242188, -41.5673828125, -54.846598625183105, -23.07031559944153, -37.086456298828125, -39.45740509033203, -12.38623046875, -51.264994621276855]","[-35.220252990722656, -30.03515625, -88.59503173828125, -42.14208984375, -54.63330078125, -28.4375, -57.05653190612793, -35.48486602306366, -49.89533996582031, -55.3203125, -72.81906127929688, -46.02353286743164, -70.6754150390625, -72.45528411865234, -29.6466064453125, -65.11696338653564]",It's been so long since I've written in here!  So much has been going on in my life.  Things have been pretty stressful which is why I'm so glad made an addition to our family!  About 6 months ago we adopted Azul.  Azul is our amazing Blue-headed macaw.  He is so much fun.  He was just a baby when we adopted him from Angelina Jolie!  I still can't believe we got to meet her.  She was volunteering at the local animal shelter and we happened to be there at the same time.  That just makes Azul so much more special to us.  So Azul has been flying everywhere and getting very confident in his abilities.  We've been working on training him to do certain tricks.  Just within the past week we were able to get him to step onto our hand!  It's so cute to see him walk so gently right into the palm of my hand.  I am so in love with him.  He was the best addition we've made in a long time and he is such a stress reliever!,,3U8YCDAGXQ236104KBT4GXQ820IQ0O
