,AssignmentId,scalar_text_sequentiality,sentence_total_sequentialities,sentence_contextual_sequentialities,sentence_topic_sequentialities,story,recAgnPairId,recImgPairId
0,3FE2ERCCZYU396R8MJGQ6TWGLDWPO8,1.1952224926543171,"[0.0, 0.6348114475127189, 3.3307291666666665, 0.6557060877482096, 0.9351477903478286, 1.0403413318452381, 0.24571155366443453, 1.0000388405539773, 1.8922762274742126, 1.4237393465909092, 2.53125, 0.31476151315789475, 1.56171875, 1.9583333333333333, 1.6830357142857142, 1.61962890625, 0.8556884765625, 0.7042410714285714, 0.5972086588541666, 1.3560267857142858, 0.75927734375]","[-64.7090072631836, -85.94254875183105, -8.0703125, -67.93839073181152, -39.55027389526367, -56.758544921875, -64.856689453125, -33.918121337890625, -19.5938458442688, -50.46875, -12.25, -74.728515625, -17.46875, -19.4375, -26.7421875, -15.435546875, -24.6875, -37.9765625, -51.3916015625, -29.1875, -11.4765625]","[-64.7090072631836, -105.62170362472534, -18.0625, -87.60957336425781, -55.44778633117676, -78.605712890625, -70.01663208007812, -44.918548583984375, -34.7320556640625, -66.1298828125, -19.84375, -80.708984375, -25.27734375, -25.3125, -38.5234375, -21.9140625, -33.244384765625, -42.90625, -58.55810546875, -38.6796875, -14.513671875]","It's been a helluva week with getting kicked out of me apartment. I was hoping to move in with a buddy but he ended up getting a roomate of his own and I got kicked outta the mix. Oh well... my landlord has an open apartment that he'll let me move into so phew I don't have to be homeless.. Too bad my girlfriend is leaving me I'm pretty heartbroken.. Hopefully I can find a new girl and live my dreams of becomming a married man. The new apartment is pretty swanky though, I owe my landlord bigtime. Life sometimes just gets in the way, yknow? Can't be mad for long. Welp, see ya nexttime, journals! Hah. So I've written the required amount but cannot submit for some reason, is something wrong? I'll just... Try and. Stretch this out I guess.. How are you? Do you love writing as much as I do? I not read too good though. I hope this is okay holy crap what an assignment. Only one more sentence I think. There we go.",,3V0Z7YWSIZM27JZZLXRS58IV6SP2VG
