,AssignmentId,scalar_text_sequentiality,sentence_total_sequentialities,sentence_contextual_sequentialities,sentence_topic_sequentialities,story,recAgnPairId,recImgPairId
0,3ZGVPD4G6U3D02YM590RR14H118ZTI,1.5566885931728025,"[0.0, 2.3939732142857144, 2.009688377380371, 1.5059814453125, 2.9405517578125, 2.439174107142857, 1.4491068522135417, 2.1824776785714284, 1.126953125, 2.0724090576171874, 0.9184117998395648, 1.06732177734375, 1.5187581380208333, 1.1277076800664265, 1.5471774014559658, 0.8953125, 1.268701171875]","[-34.95068359375, -17.4111328125, -13.630134582519531, -25.8662109375, -11.827392578125, -20.48046875, -34.5335693359375, -12.52734375, -23.1328125, -22.173370361328125, -45.486106872558594, -17.88427734375, -31.3258056640625, -24.187084197998047, -27.37939453125, -23.9765625, -20.92041015625]","[-34.95068359375, -34.1689453125, -29.7076416015625, -37.9140625, -29.470703125, -37.5546875, -51.9228515625, -27.8046875, -33.275390625, -42.8974609375, -58.3438720703125, -26.4228515625, -54.107177734375, -34.336453318595886, -44.398345947265625, -32.9296875, -33.607421875]","Four months ago, I went to a bar after work. I went there to socialize. I talked to a bunch of people. We had some jokes to tell. They were mostly funny. I did meet a pretty girl. We had some connections and I had a one night stand. I hope to see her again. I decided to go to the bar again. I had a fun time with lots of people. I talked about the Cowboys always losing at the last second. This was very stressful for me. I had to have a lot of drinks to get over this fact. I didn't see the girl again. The bartender gave me a message about her. She was a spy for the Russian government. I will never see her again because of this.",,3W2LOLRXLC15VSM81JSM47FM9Z7RK4
