,AssignmentId,scalar_text_sequentiality,sentence_total_sequentialities,sentence_contextual_sequentialities,sentence_topic_sequentialities,story,recAgnPairId,recImgPairId
0,3W92K5RLWV3U6GIM3GTQ3FL79SHV5A,1.293394494936942,"[0.0, 0.9924479166666667, 2.274627685546875, 1.0817769368489583, 0.8825420032848011, 2.4238959418402777, 0.9856178977272727, 0.4140838623046875, 1.7372983268329076, 1.946617262704032, 1.6099300384521484, 1.2476478576660157, 0.8605314555921053, 1.2646337151527405, 1.0729214350382488, 1.8997395833333333]","[-35.748046875, -25.71484375, -12.109619140625, -53.85285949707031, -26.509613037109375, -14.85302734375, -21.447265625, -47.22344970703125, -16.07139539718628, -8.91916561126709, -36.8768310546875, -27.31676483154297, -46.716552734375, -24.879124402999878, -24.262466430664062, -18.755859375]","[-35.748046875, -40.6015625, -30.306640625, -79.81550598144531, -45.925537109375, -36.6680908203125, -32.2890625, -55.505126953125, -40.393571972846985, -22.545486450195312, -62.635711669921875, -39.793243408203125, -63.066650390625, -45.113263845443726, -37.13752365112305, -30.154296875]","Well, I am 34 year old man. I had been in a relationship with a woman for 17 months. I was completely in love with her. Given my age, how long we were together, and how much I enjoyed her, I was thinking about proposing. I've never met anyone else in my life that I wanted to spend the rest of my life with. However, she decided to end our relationship. We were living together for the past 6 months. She came home from work like every other ordinary day and told me she wanted to talk to me. She told me she didn't see a future with me anymore. I was completely blindsided. I initially felt shock then panicked and tried to talk her out of it. I was quite emotional and she remained calm. She left and told me she would come back on the weekend to gather all her things. Not a day has gone by since that I haven't thought about it. It was emotionally devastating when it happened. Nothing much has changed since.",,3W92K5RLWV3U6GIM3GTQ3FL79SHV5A
