,AssignmentId,scalar_text_sequentiality,sentence_total_sequentialities,sentence_contextual_sequentialities,sentence_topic_sequentialities,story,recAgnPairId,recImgPairId
0,3XCC1ODXDMXR6VK3EOCJ0TRWYV1QR5,1.4780597703432252,"[0.0, 1.5699692010879516, 1.2755250751972198, 2.949634007045201, 1.8141741071428572, 0.7004939808565027, 1.2609245300292968, 1.492578125, 1.753125, 1.4817301432291667, 4.38203125, 1.4598388671875, 0.8469070196151733, 1.039716124534607, 0.40816268920898435, 1.2141462053571428]","[-41.7822265625, -18.007869958877563, -49.635502099990845, -17.633811950683594, -19.1953125, -43.18557834625244, -58.9781494140625, -43.591796875, -22.0390625, -26.23388671875, -10.6953125, -29.220703125, -25.837344884872437, -47.85702621936798, -65.78593063354492, -40.923828125]","[-41.7822265625, -33.70756196975708, -75.14600360393524, -38.28125, -31.89453125, -55.09397602081299, -84.19664001464844, -65.98046875, -30.8046875, -44.0146484375, -32.60546875, -43.819091796875, -35.15332210063934, -65.5322003364563, -73.94918441772461, -57.921875]","About two weeks ago, I went to play the slot machines. I wasn't expecting to win at all. I had even come with a set budget, so I couldn't believe what ended up happening. I won a good jackpot! I was so excited, too. I whooped and shouted, which is embarrassing to think back on. I ended up buying the bar goers their drinks, which I feel pretty great about. It was an expensive tab, however, but they seemed to be grateful. It was just expensive. I ended up going out to eat afterwards with my friends. That was also expensive. Thankfully, it was a good jackpot. I have some leftover, thankfully. I intend to invest the rest of my winnings toward smarter ventures. I'm ashamed at how this was one of my most memorable recent events, actually. It just serves to push me to do more things outside the box.",,3WJ1OXY92B2T1AYQQJ9XJCHLFP2A8Y
