,AssignmentId,scalar_text_sequentiality,sentence_total_sequentialities,sentence_contextual_sequentialities,sentence_topic_sequentialities,story,recAgnPairId,recImgPairId
0,3WJEQKOXA9OBQAE5RY0I42UDC4S1AI,1.681317840257729,"[0.0, 1.079313373565674, 0.579315185546875, 0.8454945882161459, 1.6871056189903846, 1.8107986450195312, 5.502604166666667, 2.733438730239868, 1.217383623123169, 2.084375, 1.1879271931118436, 2.084201388888889, 1.7690972222222223, 0.9577161348783053, 1.5995154747596154, 3.0658482142857144, 0.9906684027777778, 1.5176106770833333, 1.2326253255208333]","[-47.5556640625, -43.86368751525879, -44.814453125, -45.93109130859375, -23.08154296875, -25.60748291015625, -6.3359375, -17.695327758789062, -32.07279968261719, -14.921875, -51.76203727722168, -11.73828125, -30.59375, -39.22834014892578, -39.296142578125, -20.3359375, -36.58203125, -41.58935546875, -26.3173828125]","[-47.5556640625, -65.44995498657227, -54.08349609375, -56.0770263671875, -45.013916015625, -40.0938720703125, -22.84375, -39.56283760070801, -51.55093765258789, -25.34375, -73.14472675323486, -30.49609375, -46.515625, -51.67864990234375, -60.08984375, -41.796875, -45.498046875, -64.353515625, -37.4110107421875]","I was getting in my car, getting ready to leave my family behind. My girlfriend was crying because she knew she wouldnt be seeing me for a couple months. I was off to university and ready to accomplish the next part of my life. The anxiety i felt  was unnnerving. As i was driving, i felt my heart begin to race. Why am i so trembly? i thought. Then, i became lightheaded. It was hard for me to focus on the road and started swerving. I stopped to rest. i mustve made 20 stops on my way to san fransisco. it took me all day to get there. But once i did i saw the lights. A wednesday night and the city was surprisingly calm. One or two other cars on the road driving around the streets. The city really felt asleep. Anxiety than just slipped away. I was calm and absorbed the calm energy the city was giving me. i knew I was gonna be ok.",,3WJEQKOXA9OBQAE5RY0I42UDC4S1AI
