,AssignmentId,scalar_text_sequentiality,sentence_total_sequentialities,sentence_contextual_sequentialities,sentence_topic_sequentialities,story,recAgnPairId,recImgPairId
0,3WR9XG3T64XAZ7DQ7D70S9ZQCVZ47T,1.7340215206467344,"[0.0, 1.1459941864013672, 1.2144515297629617, 1.9655840613625266, 1.6488927841186523, 2.7892578125, 1.8285328258167615, 1.451171875, 2.2995948791503906, 2.9433475841175425, 2.1891276041666665, 2.1699470943874783, 0.99609375, 2.1630316840277777, 1.2052951388888888]","[-42.2522497177124, -26.494216918945312, -21.743907928466797, -17.374760627746582, -28.15961217880249, -28.060546875, -22.703033447265625, -36.146484375, -7.565948486328125, -16.823606491088867, -38.62109375, -15.515085220336914, -37.84375, -16.34521484375, -33.390625]","[-42.2522497177124, -35.66217041015625, -35.102874755859375, -38.996185302734375, -52.893003940582275, -55.953125, -42.81689453125, -55.01171875, -25.96270751953125, -49.200429916381836, -64.890625, -35.04460906982422, -49.796875, -35.8125, -44.23828125]","The event that just happened was my daughter's wedding. The wedding was in june. We had so much fun planning for the wedding.  Her dress was beautiful and she looked gorgeous. The groom looked very handsome as did the entire wedding party. First was the church ceremony then was the reception. The appetizers and meal was delicious. There was A choice of chicken, meat, or fish. The wedding cake was beautiful. It was a 5 tier wedding cake. It had a beautiful topping of crystal doves. There was lots of music and dancing. She was very happy which made me happy and very proud. I will never forget such a beautiful day. We are constantly looking back at the pictures.",,3WR9XG3T64XAZ7DQ7D70S9ZQCVZ47T
