,AssignmentId,scalar_text_sequentiality,sentence_total_sequentialities,sentence_contextual_sequentialities,sentence_topic_sequentialities,story,recAgnPairId,recImgPairId
0,3VSOLARPKCVTVUIFMW01W0YRIUK39L,1.8334826779162041,"[0.0, 2.1423582077026366, 0.8203148219896399, 1.7827938050031662, 1.5052236829485213, 2.0632731119791665, 1.6361570358276367, 4.8623046875, 1.8637152777777777, 0.9813325301460598, 2.1071463267008466, 0.9163225889205933, 2.26953125, 2.3009872436523438, 1.70941162109375, 2.671875, 1.5364583333333333]","[-44.21055030822754, -24.453739166259766, -57.205440521240234, -14.942260384559631, -35.8466682434082, -29.33056640625, -9.037879943847656, -6.056640625, -26.1484375, -55.02594757080078, -23.175203323364258, -38.46746301651001, -22.1123046875, -26.74004364013672, -48.3134765625, -12.84375, -22.576171875]","[-44.21055030822754, -45.87732124328613, -76.07268142700195, -29.20461082458496, -56.9197998046875, -54.08984375, -15.582508087158203, -15.78125, -42.921875, -77.59659576416016, -54.78239822387695, -56.793914794921875, -42.5380859375, -52.0509033203125, -75.6640625, -23.53125, -41.013671875]","My friend was traveling to Los Angeles from Washington, D.C and needed a ride to the airport.  We readily agreed because we thought we might see some of the sights of our nation's capital while there.  The drive itself was uneventful.  As was dropping our friend off for his flight to Los Angeles.  The fun happened when we went to see the Lincoln Memorial.  Washington, D.C. is so confusing and has so much traffic.  We knew we needed to park near to the memorial, but the roads and directions were a little bit confusing.  Finally, we happened upon a parking garage near the memorial.  As it turns out, we got turned around and found ourselves in the wrong parking garage.  We were no where near the Lincoln Memorial!  We were across the town at a different memorial.  Because the traffic was so bad and confusing we decided to visit that area instead.  It was neat.  But, it was not what we had hoped to see.",,3WRFBPLXRBAEKWM9N6J6E1TA0ZBN3L
