,AssignmentId,scalar_text_sequentiality,sentence_total_sequentialities,sentence_contextual_sequentialities,sentence_topic_sequentialities,story,recAgnPairId,recImgPairId
0,3X4JMASXCNVG2VYF1TWEL8V9GYA0BB,1.617050416181801,"[0.0, 0.6422991071428571, 1.116519047663762, 2.59539794921875, 2.0394005408653846, 1.4364206414473684, 1.0801535213694853, 2.57745361328125, 1.3797228932380676, 3.0553385416666665, 1.3168610659512607, 1.758061981201172, 1.6458333333333333, 1.6091690063476562, 2.003125]","[-34.09625244140625, -19.99609375, -25.037620544433594, -16.45556640625, -28.14404296875, -49.3798828125, -39.2122802734375, -14.76861572265625, -31.886306762695312, -13.18359375, -26.170867919921875, -20.18561553955078, -26.4375, -30.339256286621094, -18.09375]","[-34.09625244140625, -24.4921875, -39.5523681640625, -37.21875, -54.65625, -76.671875, -57.57489013671875, -32.810791015625, -53.961873054504395, -31.515625, -40.65633964538574, -37.7662353515625, -41.25, -48.04011535644531, -28.109375]","I bought my first house about 5 months ago. This was a joyous occasion. We have been wanting a place of our own for a while. Having our own place has been great. We can now make any renovations that we need to make. Even thought we have payments to make, this will still be our home in the future. This home is very large and has lots of space inside and outside of the home. This home has many bedrooms. I plan on updating the kitchen appliances so that they are more modern. I really love this home. We sit outside on the porch all the time. We have so much privacy in this area. I plan on putting flowers in my yard. I enjoy gardening it relieves lots of stress. This home is beautiful!",,3X4JMASXCNVG2VYF1TWEL8V9GYA0BB
