,AssignmentId,scalar_text_sequentiality,sentence_total_sequentialities,sentence_contextual_sequentialities,sentence_topic_sequentialities,story,recAgnPairId,recImgPairId
0,3M0NZ3JDP2KBF0NW4DITOLY3LYMZ5R,1.7655678734310674,"[0.0, 1.5919921875, 2.5590006510416665, 1.9964044744318181, 1.4867720170454546, 1.3966709483753552, 4.11865234375, 1.407498229633678, 1.1020899653434753, 0.47231818437576295, 1.6993075284090908, 1.7253196022727273, 2.619873046875, 2.5889756944444446, 1.8915127840909092, 1.5926983173076923]","[-33.82243347167969, -55.275390625, -12.78271484375, -33.14794921875, -25.7685546875, -29.610427856445312, -16.8037109375, -23.166027545928955, -17.056764602661133, -43.893826365470886, -38.5849609375, -36.490234375, -17.806640625, -23.10546875, -30.849609375, -34.47998046875]","[-33.82243347167969, -71.1953125, -28.13671875, -55.1083984375, -42.123046875, -44.97380828857422, -41.515625, -38.648508071899414, -28.077664256095886, -48.617008209228516, -57.27734375, -55.46875, -38.765625, -46.40625, -51.65625, -55.18505859375]","A month ago, my wife and I celebrated our wedding anniversary. We celebrated it at galaxies edge at Disney World. It was a fun time. I got to see Luke with his light saber. I had a duel with him but he won. I can't beat the best at his game. I also saw Vader. He had the same voice as in the movies. I didn't want to mess with him. There was chewbacca with solo. They were fun and got a picture taken with them. I saw Leia and she had her famous hair. I loved taking a picture with her. I did get to see the death star. There was the emperor on his throne in it. It was creepy but it stayed true to the film.",,3YDGXNSEO0GEZLI9HIZ669VLMLL487
