,AssignmentId,scalar_text_sequentiality,sentence_total_sequentialities,sentence_contextual_sequentialities,sentence_topic_sequentialities,story,recAgnPairId,recImgPairId
0,3JJVG1YBECJFX2KGYZ2Q23R0UWR5BK,1.5926130361067325,"[0.0, 3.25361328125, 1.3462638854980469, 0.8016690340909091, 2.7610677083333335, 1.344162654876709, 1.424912929534912, 1.2913077831268311, 2.399364471435547, 2.5230034722222223, 2.5110677083333335, 0.8281021118164062, 1.142852783203125, 1.1595856726169587, 1.1022220452626545]","[-34.14973449707031, -7.61474609375, -45.89141845703125, -47.0966796875, -19.69921875, -57.12932777404785, -20.32861328125, -28.248825788497925, -18.430084228515625, -17.13671875, -18.12109375, -22.6856689453125, -37.23193359375, -38.679941058158875, -18.98490881919861]","[-34.14973449707031, -23.8828125, -67.431640625, -55.9150390625, -36.265625, -84.01258087158203, -31.727916717529297, -47.61844253540039, -37.625, -39.84375, -33.1875, -29.31048583984375, -55.517578125, -61.87165451049805, -28.9049072265625]","I had an amazing time at my nephew's wedding. The ceremony was beautiful. The priest did a great job joining the two and making the day feel special. The ambiance was outside at a beautiful green farm. It was traditional and nice. Afterwards, at the party we drank champagne and had a typical white wedding party. My granddaughter was there. I love kids and I don't get to see her often. She is so cute and pure. I also saw my brother and his wife. I really enjoyed seeing everyone. We stayed at a quaint hotel. I would have liked to stay a few more days just because it was beautiful. Now I am back to work at the clinic, but I will cherish these memories. Can't wait to see the photos.",,3YT88D1N09KDCQ16QTRQM9C63MX3KK
