,AssignmentId,scalar_text_sequentiality,sentence_total_sequentialities,sentence_contextual_sequentialities,sentence_topic_sequentialities,story,recAgnPairId,recImgPairId
0,3NLZY2D53QBG3XPQ94FNEHIW2L3LQ9,1.8285008246512284,"[0.0, 2.1824776785714284, 1.1440972222222223, 2.0068359375, 1.6885850694444444, 0.5753506024678549, 2.9566774368286133, 1.857421875, 3.3274739583333335, 2.1922801624644888, 3.4196497599283853, 1.6788436344691686, 1.2718709065363958, 1.6395670572916667, 0.8680897492628831, 2.673046875, 1.60224609375]","[-58.65771484375, -20.60546875, -26.30078125, -18.6484375, -16.005859375, -37.59406852722168, -15.075340270996094, -18.84375, -14.05859375, -18.827774047851562, -10.302413940429688, -14.707260131835938, -19.411234855651855, -16.538818359375, -31.07487201690674, -11.095703125, -17.3837890625]","[-58.65771484375, -35.8828125, -36.59765625, -34.703125, -31.203125, -44.49827575683594, -38.728759765625, -33.703125, -34.0234375, -42.94285583496094, -30.8203125, -38.2110710144043, -35.945556640625, -31.294921875, -42.36003875732422, -24.4609375, -33.40625]","Two months ago, I was named the head of a new project at the work place. The position came with higher pay. This made me pay off my debt. I was so happy because of this. I celebrated by going to a fancy restaurant. I got some queso to start off the meal. The queso was very yummy. I got some beers to drink. They were nice to drink. I got a steak as the main meal. The steak was medium. It was one of the best steaks I have ever eaten. I got a nice chocolate cake for dessert. I gave the waiter a big tip. I can't wait to begin working on the new project. It should be fun. I have a lot of ideas for the project.",,33M4IA01QHNBFSLF027BU1NO58FRXM
