,AssignmentId,scalar_text_sequentiality,sentence_total_sequentialities,sentence_contextual_sequentialities,sentence_topic_sequentialities,story,recAgnPairId,recImgPairId
0,3A0EX8ZRN9ADZQU0917ND0PTJ5MBYZ,1.3475006167022412,"[0.0, 0.9022916906020221, 1.44456787109375, 1.892578125, 1.808837890625, 1.340667724609375, 1.1322021484375, 1.4204237196180556, 1.1997633713942308, 1.3570585250854492, 1.4673253839666194, 1.8766256479116588, 1.6841517857142858, 0.6592684659090909, 2.1611446033824575, 1.2180397727272727, 2.365625, 1.10850830078125, 1.0614560998004416, 0.8494762073863636]","[-36.53125, -35.66729736328125, -14.212890625, -16.3203125, -17.4189453125, -16.0869140625, -34.9466552734375, -57.3271484375, -29.933837890625, -19.109596252441406, -14.46759033203125, -17.159957885742188, -17.7890625, -34.013671875, -41.83690643310547, -31.26953125, -20.109375, -40.46630859375, -59.085845947265625, -22.291015625]","[-36.53125, -51.006256103515625, -28.6585693359375, -31.4609375, -39.125, -26.812255859375, -51.9296875, -82.894775390625, -45.53076171875, -29.966064453125, -30.608169555664062, -41.55609130859375, -29.578125, -41.265625, -65.6094970703125, -44.66796875, -31.9375, -51.5513916015625, -83.49933624267578, -31.63525390625]","This is a story when I was 22. I was at the bar, drinking after a break up with my girlfriend. We had been together for more than two years. I thought she was the perfect one. I thought she was the one that I wanted to marry. But fate had different plans for me. We broke up because she did not know if the relationship would work out. I do not know I did to her but now I am here in a bar alone. The bar was the perfect place to vent out my emotions. Nobody was there to stop me. I drank so much that I blacked out. I do not remember anything that happened after I blacked out. But there is something I know.  The thing is that I was talking to two girls. One large one and one a somewhat attractive one. They were caring for me to listen to me. That is all know. I found myself blacked out, taken home. Apparently, I had sex with the large lady rather than the attractive girl when I was blacked out. In the end, it does not matter at all.",,3Z7VU45IPZ3CRIMD3QGHLVLM2GK1Z3
