,AssignmentId,scalar_text_sequentiality,sentence_total_sequentialities,sentence_contextual_sequentialities,sentence_topic_sequentialities,story,recAgnPairId,recImgPairId
0,3H7Z272LX8TV3LOB9R0YECSNNOOLPF,1.480528415402941,"[0.0, 1.7734375, 1.4081081814236112, 1.283428737095424, 2.462109375, 1.3316314220428467, 2.05419921875, 1.5326171875, 0.6704644097222222, 0.7606119791666667, 2.642131593492296, 1.4956622123718262, 1.8762863477071126, 1.1369253305288463, 1.8616071428571428, 1.3992340087890625]","[-46.62162399291992, -27.84375, -19.1697998046875, -28.395729064941406, -16.556640625, -47.944464683532715, -39.234375, -46.697265625, -32.6728515625, -47.69140625, -20.498273849487305, -49.34967803955078, -13.758056640625, -25.067626953125, -21.6640625, -26.283050537109375]","[-46.62162399291992, -40.2578125, -31.8427734375, -37.379730224609375, -28.8671875, -63.924041748046875, -55.66796875, -62.0234375, -38.70703125, -59.1005859375, -44.27745819091797, -73.2802734375, -25.015774726867676, -39.84765625, -34.6953125, -40.275390625]",I was first in a poly relationship with a guy. Some days our relationship went well. Then I fell in love with a woman. If she too loves me. The days went well. One day she had doubts on top of our two. Nan told her about our poly relationship. Hate our relationship after she initially allowed it. Then I did not talk to him properly. Tell me about the breakup of the romance after a few days. She doesn’t like our poly relationship. Then I split up with the guy who was having a relationship with poly. I felt very lonely. I met her a few days later and told her what happened. She could not separate from me. So we fell in love and ended our marriage.,,3ZPPDN2SLWIW5SYCBGHXFR2NMZC9ER
