,AssignmentId,scalar_text_sequentiality,sentence_total_sequentialities,sentence_contextual_sequentialities,sentence_topic_sequentialities,story,recAgnPairId,recImgPairId
0,3UJ1CZ6IZIBEEO1I9LOLSS104CT5SR,1.5271081266753248,"[0.0, 0.7599892451845366, 1.0522237777709962, 1.0240431565504808, 2.328125, 1.606278052696815, 1.1408714881310096, 2.9541295369466147, 1.8113759358723958, 3.0362141927083335, 0.9499520753559313, 3.3728515625, 0.5338811601911272, 1.0548231336805556, 1.4656624794006348, 1.1101188659667969, 1.760298490524292]","[-31.421875, -91.59701919555664, -34.665679931640625, -33.135498046875, -11.8125, -29.103118896484375, -17.951751708984375, -8.314285278320312, -8.76702880859375, -6.48974609375, -39.653547286987305, -5.6669921875, -77.46479511260986, -53.38818359375, -29.29505157470703, -52.35017395019531, -14.207368850708008]","[-31.421875, -113.6367073059082, -55.71015548706055, -46.44805908203125, -23.453125, -49.98473358154297, -32.7830810546875, -26.0390625, -19.635284423828125, -24.70703125, -57.70263671875, -22.53125, -96.15063571929932, -72.375, -52.74565124511719, -74.55255126953125, -28.289756774902344]","I had never been to Delhi before. I was warned by other travelers that it was the part of India and to be extra vigilant when traavelling the state. Being a carefree traveller, I did not heed the advice of my fellow travellers. I fell asleep on the train ride and at the station. I was very tired. Train rides in India are very slow and time consuming. When I woke up, I noticed my laptop was missing. It had been stolen. I started to panic. I needed it for work. Luckily, a stranger noticed my state of worry and asked me if I needed help. I explained the situation. He offered to help me and in hindsight it was a bad idea to trust a stranger in India, Luckily, he turned out to be a good person. He took me to the largest IT center in India and we looked at different laptop models. They were a bit pricey, but I had to have one for work. I ended up finding one in my price range and was able to buy a good brand for cheap. I was very lucky that day.",3ZR9AIQJUCVWHWD6MEMRDUP3WBP041,
