,AssignmentId,scalar_text_sequentiality,sentence_total_sequentialities,sentence_contextual_sequentialities,sentence_topic_sequentialities,story,recAgnPairId,recImgPairId
0,3C8HJ7UOP8G9N782WCZF5N9PBRZMZR,1.3725882647943162,"[0.0, 0.35714285714285715, 1.48525390625, 1.6127232142857142, 1.6596901303245908, 1.6634114583333333, 0.10435267857142858, 1.4182061089409723, 0.98040771484375, 2.4464285714285716, 1.7626953125, 0.6378197303185096, 1.9462890625, 2.441497802734375, 1.7042279924665178, 1.1840277777777777, 1.8365478515625, 1.153125, 1.6853298611111112]","[-24.796875, -38.84375, -41.9208984375, -30.734375, -68.63597869873047, -47.603515625, -22.517578125, -30.711181640625, -30.95703125, -23.765625, -40.8984375, -60.97265625, -31.46875, -9.710113525390625, -12.88812255859375, -45.9453125, -29.90679931640625, -24.94921875, -53.55078125]","[-24.796875, -41.34375, -56.7734375, -42.0234375, -103.48947143554688, -62.57421875, -23.248046875, -43.47503662109375, -38.80029296875, -40.890625, -55.0, -69.26431274414062, -47.0390625, -24.359100341796875, -24.817718505859375, -56.6015625, -42.76263427734375, -30.71484375, -68.71875]",Starting a new job. And working hard and being dedicated . Seeing the rewards and fruit or labor. When I started I was placed. Below the other workers but in a surprising and rewarding change of events I moved up the ladder. Had claimed a higher more achieving role. in a long period of time.  But work and hard work and dedication. s is rewarding and achievable. So if the road is long. And the ending pout of sight. The time is dragging the goal seems distant and not visible . Hang on the dawn is breaking .The fog is lifting. The rooster is crowing. What was done now has come complete circle. And interest has matured . Collection is in order. A new place given a old one retired.,3ZSANO2JCGT6GLU7FX1UE4SDHRIFSP,
