,AssignmentId,scalar_text_sequentiality,sentence_total_sequentialities,sentence_contextual_sequentialities,sentence_topic_sequentialities,story,recAgnPairId,recImgPairId
0,3ERMJ6L4DZEQ3X2WDH7WE3GQSBXM7R,1.1739033746658292,"[0.0, 1.317268773129112, 0.5570949035532334, 0.4072021484375, 1.2453406197684151, 1.2961832682291667, 1.8061319986979167, 2.11773681640625, 1.8489877310666172, 1.4675636291503906, 2.2114861806233725, 0.6848709106445312, 0.7291802300347222, 1.3162109375, 0.4941875654108384, 1.2830082820012019]","[-66.02508544921875, -43.476654052734375, -38.03196454048157, -83.42138671875, -64.82159423828125, -18.018798828125, -23.107574462890625, -9.74560546875, -9.247161030769348, -32.546142578125, -8.983463287353516, -60.95440673828125, -58.915771484375, -24.52734375, -47.203415870666504, -35.32508659362793]","[-66.02508544921875, -68.5047607421875, -47.502577900886536, -91.5654296875, -99.69113159179688, -25.7958984375, -44.781158447265625, -22.4520263671875, -29.586026072502136, -56.02716064453125, -22.25238037109375, -74.65182495117188, -72.041015625, -37.689453125, -55.60460448265076, -52.004194259643555]","I was young at the time and needed to grab some extra cash out of the bank. This was back when online banking was thing, so I had to drive to the bank. I was having an anxiety attack as I didn't like talking to people. I still had some mary j from when I bought it at the party the weekend before. I had it stashed in the car, so I said I might as well smoke a blunt to calm myself down on the way. Well what do you know? The cops decided to pull me over on the way. I was freaking out. I didn't want to go to jail. I just needed some cash to buy a puppy for my girlfriend. It was her birthday. Well, it turns out after they asked me some questions they told me that my registration expired. My insides immediately cramped and internally I had a giant sigh of relief. I felt like I was left off the hook. I'm so thankful I didn't start smoking that blunt. I got extremely lucky they didn't see it either.",,33PPO7FECW1KONDFJFCQM2J5X8CIDM
