,AssignmentId,scalar_text_sequentiality,sentence_total_sequentialities,sentence_contextual_sequentialities,sentence_topic_sequentialities,story,recAgnPairId,recImgPairId
0,3K3R2QNK8CPDUOVY1GW2J9ORWN99U1,1.2767709613476166,"[0.0, 0.5147101360818614, 1.2682065963745117, 0.5160413106282552, 1.630078125, 0.49632401899857953, 1.6315696022727273, 0.3278344644082559, 1.666272262732188, 2.8916015625, 1.4284517948444073, 0.5587752898534138, 3.0712890625, 1.8280401229858398, 0.8643702456825658, 0.9, 2.111541748046875]","[-28.462890625, -62.53916931152344, -48.870731353759766, -83.70028686523438, -26.25390625, -44.767822265625, -25.819091796875, -94.1121826171875, -21.30872094631195, -23.158203125, -29.446640491485596, -25.488635301589966, -18.54296875, -21.420452117919922, -51.15845489501953, -16.015625, -25.937744140625]","[-28.462890625, -74.37750244140625, -74.23486328125, -99.18152618408203, -42.5546875, -50.227386474609375, -43.766357421875, -106.24205780029297, -41.303988099098206, -40.5078125, -48.01651382446289, -33.870264649391174, -43.11328125, -43.35693359375, -67.58148956298828, -20.515625, -42.830078125]","So guess what I did? In early November, I went ahead and bought that Virtual Reality set that I've been dying to get. It was on a pre-Christmas sale, and you know I never buy myself anything expensive. I've just been looking into them and they seem like fun and what's the point of working if you never get to buy fun stuff? I just got to show it to my family. Regina loves it and Ben is obsessed! He's definitely going to go get one now. It's not quite worth as much as I paid for it, because I think it's a bit of a dad and I'll probably get tired of it soon. I mean, it's great for watching movies! Fun for video games too. Other than that, I can't believe I purchased it. I'm getting buyer's remorse thinking about it. I did get it on sale though. Now I'm trying to justify spending the money. I bought it 2 month s ago, so I can't take it back now. I always do this...punish myself for buying anything.",,34HJIJKLP6ICAXEMPBAGYNFTPPX4VR
