,AssignmentId,scalar_text_sequentiality,sentence_total_sequentialities,sentence_contextual_sequentialities,sentence_topic_sequentialities,story,recAgnPairId,recImgPairId
0,30IQTZXKALSNFY1G6POWA5M1XFH0XT,2.1829454298314266,"[0.0, 1.1613581730769231, 2.042668269230769, 1.5866477272727273, 3.57763671875, 3.387451171875, 1.7639508928571428, 2.206143465909091, 3.1627604166666665, 1.9642333984375, 1.8846354166666666, 2.050048828125, 3.207790798611111, 2.005859375, 1.1342502170138888, 2.0751953125, 2.2900390625, 2.7355550130208335, 2.198486328125, 1.8759765625, 0.9145059585571289, 2.3502682772549717, 3.4620225694444446, 2.6328125, 2.3640625, 2.7222222222222223]","[-61.890625, -38.75390625, -50.890625, -27.40625, -20.59765625, -27.228515625, -39.37109375, -34.060546875, -18.1484375, -18.001953125, -46.5703125, -28.16650390625, -22.0361328125, -37.46875, -30.4989013671875, -30.7890625, -35.21875, -19.1143798828125, -26.748046875, -53.77734375, -22.694740295410156, -41.79255676269531, -36.232421875, -23.203125, -25.3984375, -47.8046875]","[-61.890625, -53.8515625, -77.4453125, -44.859375, -49.21875, -54.328125, -51.71875, -58.328125, -37.125, -33.7158203125, -74.83984375, -48.6669921875, -50.90625, -53.515625, -40.7071533203125, -47.390625, -62.69921875, -43.734375, -44.3359375, -76.2890625, -30.010787963867188, -67.6455078125, -67.390625, -39.0, -37.21875, -72.3046875]",It was 6 months ago happen in my college team. It was an incident happen by our one of the team members. But the coach was remove the persons wrongly from my team. In that day I was busy in some other work. But incident was happen in that day.It created big lose for the team. so they remove but wrong persons. Then I came and ask the persons in my team. They told they are removed. I really shocked to hear this. Then I hear about the incident and then I know they wrongly removed. Then I arrange one meeting for my team. In that meeting I ask who did this. The person did this crime was happy. I really upset to see her face. because They did this crime for money. Then I investigate who gave money to her to do this. I find some clues about that person. Then I notice that person everyday. I told to coach that crime was did by another person. They can't hear my words. Then I told some information and submit some clues. Then They call that persons and investigate him. Then finally they agree that. Then remove her immediately. Then They joins the wrongly removed persons.,,30IQTZXKALSNFY1G6POWA5M1XFH0XT
