,AssignmentId,scalar_text_sequentiality,sentence_total_sequentialities,sentence_contextual_sequentialities,sentence_topic_sequentialities,story,recAgnPairId,recImgPairId
0,34PGFRQONPXFS4XCIS2GQRNQY2EWJ7,1.3046697593093806,"[0.0, 0.7185872395833334, 1.2329330444335938, 0.6436798095703125, 1.43817138671875, 2.430302937825521, 2.161376953125, 1.7783884869681463, 3.1983846028645835, 3.7399139404296875, 0.59462890625, -1.1968282063802083, 1.3362770080566406, 1.7166061401367188, 0.6728985959833319, 1.1870091756184895, 0.5270558870755709]","[-35.1754150390625, -25.783203125, -35.962432861328125, -59.93280029296875, -29.171875, -15.71929931640625, -18.54150390625, -13.828041076660156, -10.0128173828125, -11.080535888671875, -51.335205078125, -29.8817138671875, -22.498504638671875, -20.36756134033203, -17.053767681121826, -24.914213180541992, -30.920246124267578]","[-35.1754150390625, -34.40625, -50.75762939453125, -72.806396484375, -52.1826171875, -30.301116943359375, -40.1552734375, -29.833537459373474, -29.203125, -33.52001953125, -63.227783203125, -22.70074462890625, -33.188720703125, -35.8170166015625, -24.455652236938477, -39.15832328796387, -37.77197265625]","Today I had the bitterest experience of my life. I never had such an awful experience in my life before. I had gone to Agra for an urgent work. There were very few buses plying today as most of them had been put on election duty. I waited for two hours at the bus-stop to get into the bus. It was much crowded. I somehow managed to get some space for myself. It was really difficult to breathe. Everyone was sweating. People were pushing each other. After journey of two hours, I came out of the bus and took a sigh of relief. Use apostrophes correctly. ...Know where to place quotation marks. ...Know how to punctuate with parentheses. ...Use a hyphen for compound adjectives. ...Distinguish between the colon and the semicolon. ...Avoid multiple punctuation at the end of a sentence",,34PGFRQONPXFS4XCIS2GQRNQY2EWJ7
