,AssignmentId,scalar_text_sequentiality,sentence_total_sequentialities,sentence_contextual_sequentialities,sentence_topic_sequentialities,story,recAgnPairId,recImgPairId
0,31UV0MXWNRYPKAYM49U7OQVDKWO5IL,1.353769366624936,"[0.0, 1.1259765625, 0.3982508042279412, 0.8658088235294118, 1.8838778409090908, 0.8558240234851837, 2.385546875, 3.227267795138889, 0.7326274671052632, 2.0806846618652344, 0.6307889699935914, 0.9480133056640625, 2.474609375, 1.2520690336823463, 1.36640625, 1.3941556490384615, 0.012451171875, 2.733489990234375]","[-18.96875, -21.2421875, -36.33349609375, -58.9296875, -37.60546875, -11.72433853149414, -19.83984375, -21.03369140625, -60.61767578125, -17.663116455078125, -21.272705078125, -48.280029296875, -19.974609375, -46.2076358795166, -27.31640625, -30.216796875, -24.390625, -14.2183837890625]","[-18.96875, -30.25, -43.103759765625, -73.6484375, -58.328125, -18.57093071937561, -43.6953125, -50.0791015625, -74.53759765625, -34.30859375, -27.580594778060913, -63.4482421875, -39.771484375, -66.24074041843414, -40.98046875, -48.3408203125, -24.490234375, -25.15234375]","It finally happened! I got a promotion and a raise! This happened 3 months ago, but I neglected to tell you about it! I have worked hard and long for this and finally I can start making head ways! My had started the week after I got the promotion.  I couldn't be happier! I even got to move into a new office. Bye bye, little cubicle! It was weird in a way because I really thought R was next in line for the promotion... but who am I to complain? I couldn't wait to tell my parents! They were happy for me and I can start paying them back as well. That should make them happy even more. I know they don't even expect it and that makes me sweeter. This is just a first step toward my future. I am sure I will stay with this company for some time. At last, things are looking up. Thank you God!",,352YTHGROWZ7SWJ2KMTCJMOKKIRH42
